0.0,0.0,0.0,0.0,0.0,0.0,0.0,0.0,0.2981059209688246,0.3658610718923323,0.0,0.0,0.0,0.0,0.0
0.0,0.0,0.5206568064429493,0.0,0.0,0.9077989731044387,0.0,0.0,0.0,0.0,0.0,0.0,0.0,0.0,0.0
0.0,0.0,0.0,0.9834309690274039,0.0,0.0,0.0,0.0,0.0,0.0,0.07556460652137853,0.0,0.0,0.0,0.0
0.0,0.0,0.0,0.46457058446508614,0.0,0.014363121899957032,0.0,0.0,0.0,0.0,0.0,0.0,0.0,0.0,0.0
0.0,0.0,0.0,0.0,0.0,0.0,0.0,0.0,0.005480969559541471,0.0,0.0,0.0,0.0,0.15843053123705897,0.0
0.0,0.0,0.0,0.0,0.5180579933758426,0.0,0.0,0.6777884396884694,0.0,0.0,0.0,0.0,0.0,0.0,0.0
0.0,0.0,0.3044388103130631,0.0,0.0,0.0,0.0,0.0,0.0,0.0,0.0,0.0,0.8338719952828518,0.0,0.0
0.4490221650066871,0.0,0.0,0.0,0.0,0.0,0.0,0.0,0.0,0.0,0.45474350518769246,0.0,0.0,0.0,0.0
0.0,0.0,0.0,0.0,0.2951139364906691,0.0,0.0,0.0,0.0,0.0,0.24265697977944156,0.0,0.0,0.0,0.0
0.0,0.05264859374474584,0.0,0.0,0.0,0.0,0.0,0.0,0.0,0.0,0.0,0.0,0.0,0.0,0.6284343019475609
0.0,0.0,0.0,0.0,0.5458017129007104,0.0,0.8189975176575536,0.0,0.0,0.0,0.0,0.0,0.0,0.0,0.0
0.0,0.0,0.30711133560630144,0.0,0.0,0.0,0.0,0.0,0.0,0.7990590717032544,0.0,0.0,0.0,0.0,0.0
0.0,0.0,0.0,0.0,0.0,0.0,0.0,0.0,0.0,0.8322959873649682,0.0,0.0,0.0,0.7920258822641771,0.0
0.0,0.0,0.0,0.0,0.0,0.0,0.0,0.0,0.0,0.0,0.0,0.0,0.0,0.6702281211359009,0.17505149950536703
0.0,0.9793009418633193,0.0,0.0,0.0,0.0,0.0,0.0,0.0,0.0,0.0,0.0,0.9657917728577896,0.0,0.0
0.0,0.7027215446591355,0.0,0.0,0.0,0.0,0.0,0.0,0.0,0.0,0.0,0.0,0.0,0.0,0.35449524527726284
0.0,0.0,0.0,0.0,0.0,0.0,0.7621185679049473,0.0,0.26077291816221837,0.0,0.0,0.0,0.0,0.0,0.0
0.0,0.0,0.04909993829300563,0.0,0.0,0.0,0.0,0.0,0.0,0.0,0.0,0.0,0.1535666191631222,0.0,0.0
0.0,0.15333026279833628,0.0,0.0,0.0,0.0,0.0,0.9194335821841122,0.0,0.0,0.0,0.0,0.0,0.0,0.0
0.0,0.0,0.0,0.0,0.0,0.0,0.0,0.0,0.3961876052218132,0.0,0.0,0.0,0.3693922420032816,0.0,0.0
0.0,0.0,0.0,0.0,0.0,0.0,0.0,0.9218000876651142,0.0,0.78460782827358,0.0,0.0,0.0,0.0,0.0
0.0,0.0,0.0,0.9473904364775129,0.0,0.17231259975821933,0.0,0.0,0.0,0.0,0.0,0.0,0.0,0.0,0.0
0.0,0.0,0.0,0.0,0.0,0.0,0.0,0.836911850691235,0.0,0.0,0.0,0.0,0.0,0.4091076053947378,0.0
0.0,0.0,0.0,0.0,0.8468958956584153,0.0,0.0,0.0,0.0,0.0,0.0,0.0,0.0,0.0,0.580124250898545
0.0,0.0,0.0,0.0,0.8503193996974797,0.0,0.0,0.0,0.0,0.0,0.30678033957675943,0.0,0.0,0.0,0.0
0.0,0.0,0.0,0.0,0.0,0.0,0.0,0.0,0.0,0.04413022933095023,0.0,0.0,0.0,0.0,0.020248799919074467
0.0,0.0,0.0,0.0,0.0,0.08658655157221562,0.0,0.5661787781630078,0.0,0.0,0.0,0.0,0.0,0.0,0.0
0.0,0.29764451455488794,0.0,0.0,0.0,0.0,0.0,0.0,0.0,0.0,0.0,0.4011031295147264,0.0,0.0,0.0
0.0,0.0,0.0,0.0,0.0,0.0,0.0,0.0,0.0,0.0,0.08442333236403576,0.0,0.0,0.0,0.6100156756923789
0.0,0.07718907017929444,0.0,0.0,0.0,0.0,0.0,0.0,0.0,0.0,0.0,0.0,0.5199660713463516,0.0,0.0
0.0,0.0,0.0,0.44863419805761817,0.0,0.0,0.0,0.9773348162019937,0.0,0.0,0.0,0.0,0.0,0.0,0.0
0.0,0.0,0.6275154440583078,0.0,0.0,0.0,0.0,0.0,0.0,0.0,0.0,0.0,0.0,0.0,0.5577890954624108
0.0,0.0,0.6301032867909219,0.0,0.0,0.0,0.83794760717574,0.0,0.0,0.0,0.0,0.0,0.0,0.0,0.0
0.0,0.0,0.0,0.0,0.0,0.0,0.011906065598213167,0.0,0.6646064815421857,0.0,0.0,0.0,0.0,0.0,0.0
0.0,0.0,0.0,0.0,0.629976253154425,0.0,0.0,0.0,0.0,0.720540735829647,0.0,0.0,0.0,0.0,0.0
0.0,0.0,0.5944953303571995,0.0,0.0,0.0,0.0,0.0,0.0,0.0,0.0,0.0,0.0,0.2465747542904867,0.0
0.0,0.0,0.0,0.23753849819089345,0.0,0.0,0.0,0.0,0.0,0.0,0.0,0.06676822306683616,0.0,0.0,0.0
0.0,0.3248433890015765,0.0,0.0,0.0,0.020762388647858065,0.0,0.0,0.0,0.0,0.0,0.0,0.0,0.0,0.0
0.0,0.0,0.0,0.7742398283476346,0.0,0.0,0.0,0.0,0.0,0.0,0.0,0.0,0.0,0.0,0.5959200019651583
0.0,0.12240134728006358,0.0,0.0,0.0,0.0,0.0,0.0,0.0,0.0,0.0,0.0,0.16983246136195707,0.0,0.0
0.9213204897252542,0.0,0.0,0.0,0.0,0.0,0.0,0.0,0.0,0.10989035857495844,0.0,0.0,0.0,0.0,0.0
0.0,0.0,0.0,0.7040839550845208,0.0,0.0,0.0,0.676843664271326,0.0,0.0,0.0,0.0,0.0,0.0,0.0
0.0,0.0,0.0,0.0,0.0,0.0,0.19468924926454978,0.0,0.0,0.0,0.0,0.0,0.04111443499574674,0.0,0.0
0.0,0.0,0.7551241503656975,0.0,0.0,0.0,0.0,0.0,0.0,0.0,0.0,0.0,0.0,0.1388912501447167,0.0
0.0,0.0,0.0,0.4966470630993971,0.0,0.0,0.0,0.0,0.0,0.0,0.9308824895249533,0.0,0.0,0.0,0.0
0.3945732208092222,0.0,0.0,0.0,0.0,0.0,0.0,0.9677232583399736,0.0,0.0,0.0,0.0,0.0,0.0,0.0
0.0,0.0,0.0,0.0,0.9238465124672458,0.9881065580609949,0.0,0.0,0.0,0.0,0.0,0.0,0.0,0.0,0.0
0.0,0.5219774238832606,0.0,0.0,0.0,0.9548121346752126,0.0,0.0,0.0,0.0,0.0,0.0,0.0,0.0,0.0
0.185194519850996,0.0,0.0,0.0,0.0,0.0,0.6884227601236643,0.0,0.0,0.0,0.0,0.0,0.0,0.0,0.0
0.0,0.0,0.0,0.0,0.0,0.0,0.02185992254736102,0.0,0.0,0.0,0.0562341839624908,0.0,0.0,0.0,0.0
0.0,0.0,0.0,0.0,0.0,0.0,0.0,0.0,0.0,0.7594611953528234,0.0,0.0,0.0,0.0,0.8436358847595414
0.1649938481631562,0.0,0.0,0.0,0.0,0.0,0.0,0.0,0.0,0.0,0.0,0.0,0.0,0.0,0.6379415782522506
0.0,0.4631009308569004,0.0,0.0,0.8898371759826549,0.0,0.0,0.0,0.0,0.0,0.0,0.0,0.0,0.0,0.0
0.0,0.0,0.0,0.0,0.0,0.3892197963330769,0.0,0.0,0.0,0.0,0.0,0.0,0.5770552441154619,0.0,0.0
0.0,0.0,0.0,0.0,0.0,0.0,0.0,0.0,0.0,0.7902467921741284,0.0,0.0,0.05168641290366727,0.0,0.0
0.0,0.0,0.0,0.9183712183463727,0.0,0.0,0.0,0.0,0.0,0.0,0.0,0.0,0.3503429410385681,0.0,0.0
0.0,0.0,0.0,0.0,0.2877177334364013,0.0,0.0,0.0,0.24062457819370053,0.0,0.0,0.0,0.0,0.0,0.0
0.0,0.6285596830763217,0.0,0.0,0.0,0.0,0.0,0.29121412426751914,0.0,0.0,0.0,0.0,0.0,0.0,0.0
0.0,0.0,0.0,0.0,0.0,0.0,0.0,0.0,0.0,0.0,0.1167804205771017,0.0,0.0,0.3523864081631769,0.0
0.0041225344038323675,0.0,0.0,0.0,0.0,0.0,0.0,0.0,0.0,0.0,0.0,0.0,0.0,0.0,0.595104166512946
0.0,0.9041446959489335,0.0,0.0,0.0,0.28239998653563303,0.0,0.0,0.0,0.0,0.0,0.0,0.0,0.0,0.0
0.0,0.0,0.4418434703291614,0.014418807765007258,0.0,0.0,0.0,0.0,0.0,0.0,0.0,0.0,0.0,0.0,0.0
0.0,0.6507660401305285,0.0,0.0,0.0,0.0,0.0,0.0,0.0,0.7824383018669102,0.0,0.0,0.0,0.0,0.0
0.0,0.0,0.0,0.0,0.0,0.0,0.0,0.0,0.0,0.0,0.0,0.1906454187430554,0.05476543842824344,0.0,0.0
0.0,0.0,0.0,0.0,0.0,0.0,0.0,0.0,0.0,0.0,0.6145708601761757,0.0,0.0,0.0,0.7067868108510648
0.9260978403533298,0.0,0.0,0.0,0.0,0.0,0.0,0.0,0.0,0.0,0.8484475980888757,0.0,0.0,0.0,0.0
0.0,0.0,0.0,0.06413069567577434,0.0,0.0,0.0,0.0,0.0,0.0,0.0,0.5077723589312086,0.0,0.0,0.0
0.0,0.0,0.17171630914865665,0.0,0.37344889178586993,0.0,0.0,0.0,0.0,0.0,0.0,0.0,0.0,0.0,0.0
0.0,0.0,0.0,0.0,0.0,0.0,0.0,0.05660633866574116,0.0,0.0,0.0,0.0,0.0,0.21859508338193556,0.0
0.0,0.0,0.0,0.0,0.5337964982942833,0.0,0.0,0.0,0.0,0.0,0.0,0.7515146622757634,0.0,0.0,0.0
0.0,0.0,0.0,0.0,0.0,0.0,0.0,0.0,0.0,0.0,0.0,0.599525903719449,0.6797479183477678,0.0,0.0
0.1909165054409877,0.0,0.0,0.6523539590719656,0.0,0.0,0.0,0.0,0.0,0.0,0.0,0.0,0.0,0.0,0.0
0.0,0.0,0.7293242178744627,0.0,0.0,0.0,0.0,0.5528824400632082,0.0,0.0,0.0,0.0,0.0,0.0,0.0
0.005451781293453584,0.0,0.0,0.2099401589393295,0.0,0.0,0.0,0.0,0.0,0.0,0.0,0.0,0.0,0.0,0.0
0.0,0.0,0.0,0.0,0.13726948643722148,0.0,0.8534072125819332,0.0,0.0,0.0,0.0,0.0,0.0,0.0,0.0
0.0,0.07201477248282351,0.0,0.0,0.0,0.0,0.0,0.0,0.0,0.0,0.0,0.0,0.4083542672546995,0.0,0.0
0.0,0.0,0.0,0.0,0.0,0.0,0.0,0.0,0.17123806106529937,0.0,0.0,0.2832191273187906,0.0,0.0,0.0
0.9809399535796662,0.0,0.0,0.0,0.0,0.0,0.0,0.0,0.0,0.0,0.0,0.0,0.7795164416088942,0.0,0.0
0.0,0.0,0.0,0.0,0.0,0.0,0.0,0.0,0.47992721894425827,0.0,0.0,0.0,0.06820715923553544,0.0,0.0
0.0,0.0,0.0,0.0,0.0,0.0,0.0,0.1579627781373113,0.0,0.7006383189440255,0.0,0.0,0.0,0.0,0.0
0.0,0.0,0.0,0.5683863093720253,0.0,0.0,0.0,0.0,0.0,0.0,0.6391183151138303,0.0,0.0,0.0,0.0
0.0,0.0,0.0,0.0,0.0,0.9906786304838676,0.0,0.0,0.0,0.0,0.0,0.6845213069539222,0.0,0.0,0.0
0.0,0.5793291772784068,0.0821350626311027,0.0,0.0,0.0,0.0,0.0,0.0,0.0,0.0,0.0,0.0,0.0,0.0
0.0,0.0,0.0,0.0,0.0,0.0,0.0,0.0,0.0,0.0,0.9887095184974863,0.0,0.0,0.0,0.6837157053002775
0.0,0.0,0.0,0.0,0.0,0.0,0.0,0.07330967297188751,0.0,0.3318586844068564,0.0,0.0,0.0,0.0,0.0
0.4793395113524701,0.0,0.0,0.0,0.0,0.0,0.0,0.10758136637616988,0.0,0.0,0.0,0.0,0.0,0.0,0.0
0.0,0.0,0.0,0.0,0.0,0.0,0.0,0.511812389334543,0.8139521765011946,0.0,0.0,0.0,0.0,0.0,0.0
0.0,0.0,0.0,0.0,0.9884515005766097,0.0,0.0,0.4405313315373186,0.0,0.0,0.0,0.0,0.0,0.0,0.0
0.0,0.0,0.0,0.0,0.0,0.9427639718099322,0.8332485185728346,0.0,0.0,0.0,0.0,0.0,0.0,0.0,0.0
0.584797096850507,0.0,0.0,0.0,0.0,0.0,0.0,0.0,0.0,0.0,0.0,0.0,0.0,0.7473177432134909,0.0
0.0,0.0,0.0,0.0,0.0,0.0,0.0,0.0,0.8919411421938763,0.0,0.0,0.0,0.0,0.0,0.6386583331435671
0.0,0.0,0.0,0.0,0.0,0.0,0.0,0.0,0.0,0.23702921228478668,0.0,0.4466968137348649,0.0,0.0,0.0
0.20490435911087979,0.0,0.0,0.0,0.0,0.606554101904571,0.0,0.0,0.0,0.0,0.0,0.0,0.0,0.0,0.0
0.0,0.0,0.0,0.0,0.0,0.0,0.0,0.0,0.49415801755963806,0.0,0.0,0.0,0.0,0.0,0.4057594845984688
0.0,0.0,0.0,0.0,0.0,0.0,0.0,0.24759107523863821,0.6646606376882321,0.0,0.0,0.0,0.0,0.0,0.0
0.0,0.0,0.0,0.0,0.0,0.0,0.0,0.12822956523503204,0.0,0.0,0.34568907034949947,0.0,0.0,0.0,0.0
0.0,0.0,0.0,0.0,0.7041568470751974,0.0,0.0,0.0,0.0,0.0,0.0,0.0,0.11945374640303796,0.0,0.0
0.0,0.0,0.0,0.0,0.0,0.0,0.0,0.3668939478488892,0.0,0.0,0.0,0.15938757303399365,0.0,0.0,0.0
0.0,0.0,0.0,0.0,0.0,0.0,0.0,0.0,0.0,0.9529626085727098,0.0,0.0,0.06353554401336825,0.0,0.0
0.0,0.0,0.0,0.0,0.0,0.5194283462726225,0.47381366478927056,0.0,0.0,0.0,0.0,0.0,0.0,0.0,0.0
0.0,0.0,0.0,0.0,0.47601110115166556,0.0,0.0,0.039577826978520636,0.0,0.0,0.0,0.0,0.0,0.0,0.0
0.0,0.1329692895467346,0.0,0.0,0.0,0.0,0.0,0.0,0.0,0.5148199375113955,0.0,0.0,0.0,0.0,0.0
0.0,0.0,0.0,0.0,0.0,0.0,0.0,0.22622415732873558,0.0,0.0,0.0,0.0,0.6378990612189066,0.0,0.0
0.0,0.0,0.0,0.0,0.8133968028496191,0.0,0.0,0.0,0.0,0.0,0.0,0.0,0.0,0.0,0.8327612827160605
0.0,0.0,0.0,0.0,0.0,0.152182269264855,0.0,0.0,0.0,0.0,0.0,0.8468609848046781,0.0,0.0,0.0
0.0,0.0,0.0,0.0,0.2275633388838758,0.0,0.0,0.0,0.0,0.0,0.0,0.06819585458647015,0.0,0.0,0.0
0.0,0.0,0.0,0.0,0.0,0.7930589866378558,0.0,0.39710556060156044,0.0,0.0,0.0,0.0,0.0,0.0,0.0
0.0,0.0,0.0,0.0,0.0,0.0,0.0,0.0,0.0,0.0,0.5769110640951902,0.0,0.2011705327799771,0.0,0.0
0.0,0.0,0.0,0.0,0.0,0.0,0.0,0.0,0.0,0.0,0.23672745432885922,0.4455768527499243,0.0,0.0,0.0
0.0,0.7248837133108609,0.0,0.0,0.0,0.0,0.0,0.0,0.0,0.3753710286640829,0.0,0.0,0.0,0.0,0.0
0.0,0.0,0.0,0.2628203529065568,0.0,0.0,0.0,0.0,0.0,0.0,0.0,0.0,0.027114445224521222,0.0,0.0
0.0,0.9589822821124422,0.0,0.0,0.49057040010830677,0.0,0.0,0.0,0.0,0.0,0.0,0.0,0.0,0.0,0.0
0.0,0.0,0.0,0.0,0.0,0.0,0.0,0.0,0.0,0.0,0.0,0.5930099903819851,0.9794695260098912,0.0,0.0
0.0,0.0,0.0,0.0,0.0,0.0,0.0,0.813192235020794,0.0,0.0,0.0,0.0,0.0,0.0,0.4199625156324367
0.0,0.0,0.2635806652830307,0.0,0.0,0.0,0.0,0.0,0.0,0.0,0.0,0.0,0.0,0.13900793004344747,0.0
0.0,0.0,0.0,0.0,0.0,0.0,0.287347191579551,0.4952149591726256,0.0,0.0,0.0,0.0,0.0,0.0,0.0
0.8201162683919113,0.0,0.0,0.3896065470872597,0.0,0.0,0.0,0.0,0.0,0.0,0.0,0.0,0.0,0.0,0.0
0.0,0.0,0.0,0.0,0.7871853346474662,0.807521560069006,0.0,0.0,0.0,0.0,0.0,0.0,0.0,0.0,0.0
0.0,0.0,0.0,0.0,0.3521928317942874,0.0,0.0,0.0,0.0,0.0,0.0,0.0,0.0,0.37845065036422754,0.0
0.0,0.15857590932940324,0.0,0.0,0.0,0.0,0.0,0.9261425921576824,0.0,0.0,0.0,0.0,0.0,0.0,0.0
0.25679265637162874,0.0,0.0,0.0,0.0,0.0,0.0,0.0,0.0,0.0,0.0,0.0,0.8251738628743527,0.0,0.0
0.0,0.16456744308810056,0.0,0.0,0.0,0.0,0.0,0.6013404622098797,0.0,0.0,0.0,0.0,0.0,0.0,0.0
0.0,0.0,0.0,0.0,0.7921535505127633,0.0,0.0,0.0,0.0,0.0,0.0,0.0,0.38612578065003045,0.0,0.0
0.0,0.0,0.0,0.0,0.0,0.0,0.0,0.0,0.0,0.3404950041540672,0.0,0.0,0.11052076496793528,0.0,0.0
0.7964250673024111,0.0,0.0,0.0,0.0,0.9059854999616731,0.0,0.0,0.0,0.0,0.0,0.0,0.0,0.0,0.0
0.0,0.2860325121574877,0.0,0.0,0.0,0.0,0.0,0.0,0.0,0.0,0.509904028314005,0.0,0.0,0.0,0.0
0.0,0.0,0.0,0.0,0.0,0.0,0.9408785890131605,0.0,0.0,0.0,0.0,0.0,0.2419894986471245,0.0,0.0
0.0,0.0,0.0,0.0,0.0,0.0,0.5917611721021065,0.0,0.0,0.0,0.0,0.0,0.7106438671348324,0.0,0.0
0.0,0.6224167151269854,0.0,0.0,0.0,0.0,0.4252142582767384,0.0,0.0,0.0,0.0,0.0,0.0,0.0,0.0
0.0,0.0,0.0,0.0,0.0,0.0,0.0,0.0,0.0,0.0,0.0,0.29113396564003835,0.0,0.6240612684669459,0.0
0.0,0.0,0.36207948810295987,0.0,0.0,0.0,0.0,0.0,0.0,0.0,0.0,0.0,0.0,0.0,0.8561629211463397
0.0,0.0,0.45710786648021073,0.0,0.0,0.0,0.1481861795960273,0.0,0.0,0.0,0.0,0.0,0.0,0.0,0.0
0.0,0.0,0.0,0.0,0.0,0.0,0.0,0.35842273230676036,0.0,0.5879007734054561,0.0,0.0,0.0,0.0,0.0
0.015616358594759405,0.0,0.0,0.0,0.0,0.0,0.0,0.0,0.0,0.0,0.3713111373993703,0.0,0.0,0.0,0.0
0.0,0.0,0.0,0.0,0.0,0.14359286731332377,0.0,0.0,0.0,0.0,0.0,0.0,0.0,0.4034312546234453,0.0
0.0,0.47778789231293795,0.0,0.8036951133214043,0.0,0.0,0.0,0.0,0.0,0.0,0.0,0.0,0.0,0.0,0.0
0.0,0.0,0.0,0.0,0.0,0.0,0.0,0.0,0.0,0.0,0.24622212289962342,0.0,0.8956072964511681,0.0,0.0
0.885071016968618,0.0,0.0,0.0,0.0,0.0,0.0,0.0,0.0,0.03891959888172447,0.0,0.0,0.0,0.0,0.0
0.0,0.0,0.0,0.0,0.0,0.0,0.0,0.1582202245429415,0.0,0.0,0.0,0.0,0.0,0.0,0.7893015564506166
0.0,0.6882871244939821,0.0,0.0,0.0,0.0,0.0,0.0,0.0,0.0,0.0,0.0,0.0,0.0,0.04857130971912971
0.0,0.0,0.0,0.0,0.5092054387083418,0.0,0.0,0.0,0.0,0.0,0.0,0.0,0.22767025201088176,0.0,0.0
0.0,0.0,0.0,0.0,0.0,0.0,0.0,0.0,0.0,0.0,0.0,0.7120029677308948,0.2784726861330835,0.0,0.0
0.0,0.0,0.0,0.0,0.0,0.0,0.0,0.0,0.0,0.0,0.0,0.5381747637665358,0.06499404451165469,0.0,0.0
0.33165520238001833,0.0,0.0,0.8234202597072139,0.0,0.0,0.0,0.0,0.0,0.0,0.0,0.0,0.0,0.0,0.0
0.0,0.0,0.0,0.16557988680406488,0.09775831253842959,0.0,0.0,0.0,0.0,0.0,0.0,0.0,0.0,0.0,0.0
0.0,0.0,0.0,0.0,0.7888307031133174,0.0,0.0,0.0,0.0,0.0,0.0,0.0,0.680518113303595,0.0,0.0
0.0,0.0,0.0,0.0,0.0,0.0,0.0,0.9448145449672257,0.0,0.0,0.0,0.0,0.28120226166766116,0.0,0.0
0.0,0.0,0.0,0.0,0.0,0.0,0.0,0.0,0.12341184594432364,0.0,0.0,0.0,0.0,0.9563376623464482,0.0
0.0,0.03245236119601891,0.0,0.0,0.8118174711178269,0.0,0.0,0.0,0.0,0.0,0.0,0.0,0.0,0.0,0.0
0.0,0.0,0.0,0.0,0.0,0.8229070804094415,0.0,0.0,0.0,0.0,0.0,0.05253709091165493,0.0,0.0,0.0
0.0,0.0,0.0,0.0,0.0,0.0,0.0,0.0,0.0,0.24329008618810555,0.0,0.03550581804135211,0.0,0.0,0.0
0.0,0.0,0.0,0.0,0.12701132719532526,0.0,0.0,0.0,0.0,0.0,0.0,0.0,0.0,0.0,0.23868589071998225
0.0,0.0,0.0,0.0,0.810890184292528,0.0,0.0,0.0,0.0,0.0,0.0,0.0,0.0,0.0,0.6213343635607212
0.0,0.0,0.0,0.2492581552340588,0.0,0.0,0.0,0.0,0.0,0.0,0.0,0.0,0.0,0.34096593479435555,0.0
0.0,0.0,0.0,0.0,0.0,0.7272348692935785,0.0,0.0,0.0,0.0,0.0,0.0,0.0,0.0,0.7021908102702722
0.6586325045166529,0.0,0.0,0.0,0.0,0.0,0.0,0.0,0.0,0.0,0.0,0.48141849173590967,0.0,0.0,0.0
0.0,0.0,0.0,0.0,0.0,0.0,0.0,0.0,0.0,0.0,0.0,0.035981106035713806,0.1780835560909294,0.0,0.0
0.0,0.0,0.0,0.0,0.5371220054216045,0.0,0.0,0.0,0.0,0.0,0.0,0.0,0.0,0.0,0.78578995269626
0.0,0.0,0.0,0.0,0.4284614989117893,0.0,0.0,0.0,0.0,0.0,0.0,0.04935450596457058,0.0,0.0,0.0
0.0,0.0,0.0,0.0,0.0,0.0,0.0,0.0,0.9661374843358421,0.0,0.22071578910894374,0.0,0.0,0.0,0.0
0.0,0.0,0.0,0.0,0.0,0.0,0.0,0.0,0.0,0.4185598066956241,0.7645374294122226,0.0,0.0,0.0,0.0
0.0,0.0,0.9655173880326952,0.0,0.858709702205807,0.0,0.0,0.0,0.0,0.0,0.0,0.0,0.0,0.0,0.0
0.1765144967227974,0.0,0.0,0.0,0.0,0.0,0.2718263131031582,0.0,0.0,0.0,0.0,0.0,0.0,0.0,0.0
0.0,0.0,0.0,0.0,0.5837420268218914,0.32391209300804735,0.0,0.0,0.0,0.0,0.0,0.0,0.0,0.0,0.0
0.0,0.0,0.0,0.3498708365793489,0.0,0.0,0.0,0.0,0.0,0.0,0.052397053697772256,0.0,0.0,0.0,0.0
0.637638104426222,0.0,0.30750557719763516,0.0,0.0,0.0,0.0,0.0,0.0,0.0,0.0,0.0,0.0,0.0,0.0
0.0,0.0,0.0,0.0,0.8680596194687581,0.0,0.0,0.0,0.0,0.0,0.0,0.0,0.0,0.18847804678105662,0.0
0.0,0.0,0.0,0.0,0.4189544790279519,0.0,0.0,0.0,0.0,0.0,0.0,0.0,0.05538958985196729,0.0,0.0
0.0,0.0,0.0,0.0,0.0,0.22957116190110283,0.20975212860730885,0.0,0.0,0.0,0.0,0.0,0.0,0.0,0.0
0.0,0.0,0.3048546751929869,0.0,0.0,0.0,0.0,0.0,0.0,0.0,0.0,0.0,0.26889263096821103,0.0,0.0
0.0,0.0,0.0861782936148352,0.0,0.0,0.0,0.0,0.0,0.0,0.0,0.0,0.5806898398620219,0.0,0.0,0.0
0.9194144557240517,0.0,0.19165829691121183,0.0,0.0,0.0,0.0,0.0,0.0,0.0,0.0,0.0,0.0,0.0,0.0
0.682557362414454,0.0,0.0,0.0,0.06334472150873593,0.0,0.0,0.0,0.0,0.0,0.0,0.0,0.0,0.0,0.0
0.0,0.0,0.0,0.0,0.0,0.07388092314065198,0.0,0.0,0.0,0.0,0.0,0.0,0.0,0.5002324441863507,0.0
0.0,0.0,0.0,0.0,0.0,0.0,0.0,0.028973239726796662,0.0,0.6950318649435256,0.0,0.0,0.0,0.0,0.0
0.0,0.0,0.0,0.0,0.0,0.0,0.0,0.0,0.0,0.004308236549357636,0.0,0.0,0.5469978719066948,0.0,0.0
0.0,0.9274056632082228,0.0,0.0,0.0,0.0,0.0,0.0,0.0,0.09887090895716044,0.0,0.0,0.0,0.0,0.0
0.0,0.0,0.0,0.0,0.0,0.0,0.0,0.3310053940049974,0.6836971402042875,0.0,0.0,0.0,0.0,0.0,0.0
0.0,0.0,0.0,0.0,0.0,0.0,0.0,0.0,0.0,0.0,0.7053814413882848,0.0,0.0,0.0,0.0016219166119578743
0.0,0.0,0.7817535531798918,0.0,0.11032841876452504,0.0,0.0,0.0,0.0,0.0,0.0,0.0,0.0,0.0,0.0
0.0,0.7233484649434538,0.0,0.0,0.0,0.0,0.0,0.28864433371798104,0.0,0.0,0.0,0.0,0.0,0.0,0.0
0.0,0.0,0.0,0.0,0.0,0.9768353849680711,0.0,0.0,0.0,0.0,0.0,0.0,0.0,0.6423329716484827,0.0
0.0,0.0,0.0,0.0,0.0,0.0,0.0,0.0,0.0,0.9554258786806434,0.5849233758208684,0.0,0.0,0.0,0.0
0.0,0.0,0.0,0.6017943280862008,0.1681104258766879,0.0,0.0,0.0,0.0,0.0,0.0,0.0,0.0,0.0,0.0
0.0,0.0,0.0,0.8800798252246189,0.0,0.0,0.0,0.0,0.0,0.0,0.0,0.0,0.0,0.0,0.70807669550584
0.0,0.2754709264841634,0.0,0.0,0.0,0.0,0.0,0.0,0.0,0.5221498886800295,0.0,0.0,0.0,0.0,0.0
0.0,0.0,0.0,0.0,0.0,0.0,0.0,0.0,0.0,0.0,0.0,0.0,0.3055368933977095,0.0,0.5216391304134659
0.0,0.0,0.0,0.0,0.0,0.1928652409863244,0.5409768693667056,0.0,0.0,0.0,0.0,0.0,0.0,0.0,0.0
0.0,0.7536266550306897,0.0,0.40146418081522384,0.0,0.0,0.0,0.0,0.0,0.0,0.0,0.0,0.0,0.0,0.0
0.0,0.0,0.0,0.0,0.0,0.0,0.0,0.5119170544678393,0.0,0.0,0.0,0.4756047388202934,0.0,0.0,0.0
0.0,0.0,0.7970716826803518,0.0,0.0,0.9371154662124059,0.0,0.0,0.0,0.0,0.0,0.0,0.0,0.0,0.0
0.0,0.0,0.0,0.0,0.6478041595623748,0.0,0.6773044697851627,0.0,0.0,0.0,0.0,0.0,0.0,0.0,0.0
0.0,0.3287811101706024,0.0,0.0,0.0,0.0,0.0,0.0,0.0,0.0,0.554194260192523,0.0,0.0,0.0,0.0
0.4861291264515587,0.0,0.0,0.0,0.0,0.0,0.0,0.0,0.0,0.0,0.6134460277677966,0.0,0.0,0.0,0.0
0.0,0.0,0.0,0.0,0.0,0.0,0.0,0.0,0.0,0.0,0.7591418719879716,0.0,0.0,0.0,0.890470789514653
0.0,0.0,0.0,0.0,0.3604800482027858,0.0,0.0,0.0,0.8713542059438586,0.0,0.0,0.0,0.0,0.0,0.0
0.0,0.6214849010120198,0.0,0.0,0.0,0.0,0.18715771633935052,0.0,0.0,0.0,0.0,0.0,0.0,0.0,0.0
0.0,0.0,0.0,0.0,0.0,0.0,0.10401855792509762,0.0,0.0,0.0,0.0,0.0,0.7380000827892833,0.0,0.0
0.0,0.0,0.0,0.0,0.0,0.0,0.0,0.0,0.9965582450418146,0.0,0.0,0.0,0.0,0.7417057778461746,0.0
0.0,0.9497922017907897,0.0,0.0,0.0,0.0,0.0,0.0,0.0,0.0,0.0,0.3800052722254128,0.0,0.0,0.0
0.0,0.0,0.0,0.0,0.0,0.0,0.0,0.0,0.0,0.0,0.15382111106744967,0.32928476840864784,0.0,0.0,0.0
0.0,0.7184703492999124,0.0,0.0,0.0,0.5460641446471133,0.0,0.0,0.0,0.0,0.0,0.0,0.0,0.0,0.0
0.0,0.9997823157285577,0.0,0.32339150464879374,0.0,0.0,0.0,0.0,0.0,0.0,0.0,0.0,0.0,0.0,0.0
0.0,0.0,0.0,0.6132372894046951,0.0,0.0,0.8717873209235192,0.0,0.0,0.0,0.0,0.0,0.0,0.0,0.0
0.0,0.1821544417685781,0.0,0.0,0.006787647631751659,0.0,0.0,0.0,0.0,0.0,0.0,0.0,0.0,0.0,0.0
0.0,0.0,0.0,0.0,0.0,0.0,0.0,0.0,0.0,0.0,0.0,0.484575356404108,0.5894064512579564,0.0,0.0
0.0,0.7966517644801986,0.0,0.0,0.0,0.0,0.9169825628480744,0.0,0.0,0.0,0.0,0.0,0.0,0.0,0.0
0.0,0.0,0.0,0.0,0.0,0.0,0.0,0.0,0.6932228016578988,0.813618815072829,0.0,0.0,0.0,0.0,0.0
0.0,0.0,0.0,0.0,0.0,0.0,0.0,0.0,0.0,0.1965344889790236,0.0,0.0,0.0,0.0,0.0668330610296548
0.0,0.0,0.8744366311146745,0.0,0.0,0.0,0.0,0.0,0.0,0.0,0.9553524442704511,0.0,0.0,0.0,0.0
0.0,0.0,0.0,0.0,0.0,0.0,0.0,0.0,0.7342447260238716,0.0,0.0,0.0,0.0,0.0,0.46892599936351265
0.6448181216460408,0.0,0.0,0.0,0.0,0.0,0.1987991096091457,0.0,0.0,0.0,0.0,0.0,0.0,0.0,0.0
0.0,0.0,0.0,0.0,0.0,0.0,0.0,0.0,0.07690292499512297,0.0,0.0,0.0,0.0,0.0,0.0803152608747717
0.0,0.0,0.0,0.0,0.0,0.8638102328415843,0.0,0.0,0.0,0.0,0.0,0.0,0.0,0.6385153516207563,0.0
0.0,0.0,0.0,0.0,0.0,0.17002081201139785,0.0,0.0,0.0,0.0,0.0,0.0,0.6896254556840886,0.0,0.0
0.0,0.0,0.0,0.0,0.0,0.0,0.0,0.0,0.0,0.6568831268008497,0.0,0.0,0.0,0.9686364043701446,0.0
0.7684566830881964,0.0,0.0,0.0,0.5871137863863026,0.0,0.0,0.0,0.0,0.0,0.0,0.0,0.0,0.0,0.0
0.0,0.3803651848168774,0.0,0.0,0.0,0.0,0.0,0.0,0.0,0.0,0.7710271682834917,0.0,0.0,0.0,0.0
0.5673656987588697,0.8206709764172562,0.0,0.0,0.0,0.0,0.0,0.0,0.0,0.0,0.0,0.0,0.0,0.0,0.0
0.0,0.0,0.0,0.0,0.0,0.0,0.0,0.0,0.0,0.0,0.0,0.3742643406153974,0.0,0.0,0.7456429705253482
0.0,0.0,0.0,0.0,0.0,0.0,0.5105888876851762,0.0,0.0,0.0,0.0,0.0,0.7132577009664557,0.0,0.0
0.0,0.0,0.0,0.0,0.0,0.8169397953379539,0.0,0.05880651768518197,0.0,0.0,0.0,0.0,0.0,0.0,0.0
0.0,0.0,0.0,0.5443731606974699,0.0,0.0,0.0,0.0,0.0,0.0,0.0,0.0,0.5814831898707327,0.0,0.0
0.0,0.0,0.0,0.0,0.689890885182813,0.0,0.0,0.0,0.0,0.05554187438123703,0.0,0.0,0.0,0.0,0.0
0.0,0.0,0.0,0.0,0.0,0.0,0.0,0.0,0.0,0.0,0.0,0.3678393254266591,0.0,0.0,0.2794429026958385
0.0,0.0,0.0,0.0,0.0,0.34913076873356175,0.0,0.0,0.0,0.0,0.0,0.0,0.0,0.005603658066593575,0.0
0.0,0.0,0.0,0.0,0.0,0.0,0.0,0.0,0.0,0.500203655281552,0.0,0.13660207291975035,0.0,0.0,0.0
0.0,0.0,0.0,0.0,0.0,0.0,0.5005417417988943,0.0,0.0,0.0,0.5289880272158018,0.0,0.0,0.0,0.0
0.5923456927683605,0.0,0.0,0.0,0.0,0.0,0.0,0.0,0.0,0.0,0.0,0.9816891180992136,0.0,0.0,0.0
0.26904857969967255,0.0,0.0,0.0,0.0,0.0,0.0,0.0,0.0,0.0,0.0,0.06038053143728428,0.0,0.0,0.0
0.0,0.0,0.0,0.0,0.0,0.0,0.0,0.0,0.0,0.0,0.0,0.07689504686819493,0.0,0.0,0.44227685734726585
0.0,0.0,0.0,0.0,0.10874441564993143,0.0,0.0,0.0,0.3779623351436212,0.0,0.0,0.0,0.0,0.0,0.0
0.0,0.0,0.0,0.0,0.0,0.0,0.3220573991507102,0.0,0.0,0.0,0.0,0.0,0.814029432114658,0.0,0.0
0.0,0.3029466606953055,0.0,0.0,0.0,0.0,0.0,0.0,0.0,0.11972192799189119,0.0,0.0,0.0,0.0,0.0
0.0,0.0,0.6877741970495731,0.0,0.0,0.0,0.0,0.0,0.0,0.4125663815881734,0.0,0.0,0.0,0.0,0.0
0.9766856480942614,0.19815119879453236,0.0,0.0,0.0,0.0,0.0,0.0,0.0,0.0,0.0,0.0,0.0,0.0,0.0
0.0,0.0,0.0,0.0,0.0,0.0,0.7340947743033295,0.0,0.39933119954230967,0.0,0.0,0.0,0.0,0.0,0.0
0.0,0.0,0.0,0.0,0.0,0.0,0.0,0.4595396380563962,0.0,0.0,0.0,0.3995620434727267,0.0,0.0,0.0
0.0,0.0,0.0,0.0,0.0,0.0,0.0,0.21053764240412265,0.0,0.0,0.0,0.4294093845857184,0.0,0.0,0.0
0.0,0.0,0.0,0.0,0.0,0.0,0.0,0.4187118594483277,0.0,0.0,0.0,0.0,0.0,0.0,0.5660414754756523
0.0,0.0,0.0,0.0,0.0,0.0,0.0,0.0,0.0,0.0,0.7969709027727216,0.0,0.12533036501571349,0.0,0.0
0.0,0.578294086880488,0.0,0.0,0.0,0.0,0.0,0.0,0.0,0.0,0.0,0.0,0.0,0.4002319961240586,0.0
0.0,0.6532863603134001,0.0,0.0,0.0,0.0,0.0,0.0,0.0,0.32796308043428657,0.0,0.0,0.0,0.0,0.0
0.0,0.0,0.0,0.0,0.0,0.0,0.0,0.6523253452210723,0.0,0.0,0.0,0.0,0.0,0.5257509946336387,0.0
0.0,0.0,0.0,0.0,0.9462509426387647,0.0,0.0,0.0,0.0,0.12389331246452762,0.0,0.0,0.0,0.0,0.0
0.0,0.0,0.0,0.0,0.0,0.37238295717075254,0.0,0.0,0.0,0.0,0.0,0.0,0.0,0.0,0.054992500855224336
0.0,0.0,0.3869385775261609,0.0,0.22343569361031124,0.0,0.0,0.0,0.0,0.0,0.0,0.0,0.0,0.0,0.0
0.0,0.0,0.0,0.0,0.0,0.0,0.5649631437683534,0.0,0.0,0.0,0.0,0.0,0.5125282766147178,0.0,0.0
0.0,0.0,0.0,0.0,0.0,0.0,0.18948990850505587,0.0,0.0,0.0,0.0,0.41151941143787163,0.0,0.0,0.0
0.0,0.0,0.0,0.0,0.0,0.0,0.0,0.0,0.37418248650286867,0.0,0.0,0.0,0.9448249713718828,0.0,0.0
0.0,0.0,0.0,0.0,0.0,0.0,0.0,0.0,0.7669318386163906,0.0,0.31603998330430827,0.0,0.0,0.0,0.0
0.0,0.0,0.0,0.0,0.0,0.0,0.9300678643007212,0.0,0.0,0.9135972395202626,0.0,0.0,0.0,0.0,0.0
0.0,0.0,0.6239247455484996,0.0,0.0,0.0,0.0,0.050302538368092176,0.0,0.0,0.0,0.0,0.0,0.0,0.0
0.0,0.0,0.0,0.0,0.0,0.41258568187821976,0.12877370710692182,0.0,0.0,0.0,0.0,0.0,0.0,0.0,0.0
0.0,0.0,0.0,0.0,0.005948687613557713,0.0,0.0,0.0,0.0,0.0,0.0,0.8147535675284651,0.0,0.0,0.0
0.0,0.0,0.0,0.0,0.0,0.0,0.47169738943944983,0.0,0.0,0.0,0.0,0.0,0.0,0.0,0.43270692496245167
0.0,0.3030885754467971,0.0,0.0,0.0,0.0,0.0,0.0,0.0,0.0,0.7872963653175946,0.0,0.0,0.0,0.0
0.0,0.0,0.0,0.0,0.0,0.0,0.0,0.0,0.0,0.0,0.0,0.9132880045925273,0.5379125467670421,0.0,0.0
0.0,0.0,0.0,0.0,0.0,0.0,0.0,0.5678693482256749,0.0,0.0,0.0,0.0,0.0,0.0,0.14754944193212993
0.0,0.039310575745497456,0.0,0.0,0.0,0.0,0.41418418201738916,0.0,0.0,0.0,0.0,0.0,0.0,0.0,0.0
0.0,0.005828968243180577,0.0,0.0,0.0,0.0,0.0,0.0,0.0,0.0,0.0,0.0,0.29378807716902644,0.0,0.0
0.0,0.0,0.0,0.031663968988551505,0.0,0.0,0.0,0.0,0.0,0.0,0.0,0.0,0.035010417707271424,0.0,0.0
0.0,0.10596512816994796,0.0,0.0,0.0,0.0,0.5318275870830215,0.0,0.0,0.0,0.0,0.0,0.0,0.0,0.0
0.0,0.0,0.0,0.0,0.8087180392212094,0.0,0.7576065582208759,0.0,0.0,0.0,0.0,0.0,0.0,0.0,0.0
0.0,0.0,0.0,0.0,0.0,0.0,0.0,0.0,0.0,0.0,0.6239706184395787,0.0,0.0,0.0,0.1855259082109324
0.0,0.0,0.0,0.43617187549989833,0.0,0.0,0.0,0.0,0.0,0.0,0.0,0.0,0.0,0.5673723869150235,0.0
0.0,0.0,0.0,0.05062450985762501,0.0,0.0,0.0,0.0,0.0,0.0,0.0,0.0,0.0,0.8846993450381185,0.0
0.0,0.9770274825042344,0.0,0.0,0.0,0.0,0.0,0.0,0.8827454197979973,0.0,0.0,0.0,0.0,0.0,0.0
0.0,0.0,0.0,0.0,0.0,0.0,0.0,0.3407457528961746,0.0,0.5589108030444108,0.0,0.0,0.0,0.0,0.0
0.0,0.21874111283834285,0.0,0.0,0.0,0.0,0.0,0.0,0.5524046447916083,0.0,0.0,0.0,0.0,0.0,0.0
0.0,0.0,0.0,0.0,0.0,0.1323597687892829,0.8038985954128716,0.0,0.0,0.0,0.0,0.0,0.0,0.0,0.0
0.044734820039348366,0.0,0.0,0.0,0.0,0.0,0.0,0.0,0.0,0.1840507216970848,0.0,0.0,0.0,0.0,0.0
0.0,0.0,0.9762532866554601,0.0,0.0,0.0,0.0,0.0,0.0,0.0,0.07761595758010331,0.0,0.0,0.0,0.0
0.0,0.0,0.0,0.0,0.0,0.0,0.0,0.0,0.0,0.5139728000849626,0.0,0.9669228871189243,0.0,0.0,0.0
0.0,0.0,0.0,0.0,0.0,0.0,0.0,0.0,0.0,0.33474969030035717,0.0,0.0,0.0,0.8976220231564382,0.0
0.0,0.0,0.0,0.0,0.0,0.0,0.0,0.0,0.0,0.0,0.8463552321745377,0.0,0.0,0.0,0.9472047906307565
0.0,0.0,0.0,0.0,0.0,0.0,0.021092612834324398,0.0,0.0,0.0,0.487604851911839,0.0,0.0,0.0,0.0
0.0,0.3499099488554115,0.0,0.0,0.0,0.0,0.0,0.805662740548944,0.0,0.0,0.0,0.0,0.0,0.0,0.0
0.0,0.6862848412330644,0.0,0.0,0.0,0.0,0.0,0.9812414438165039,0.0,0.0,0.0,0.0,0.0,0.0,0.0
0.0,0.0,0.0,0.0,0.0,0.8535803264649429,0.0,0.6243469605475578,0.0,0.0,0.0,0.0,0.0,0.0,0.0
0.15741179926787652,0.0,0.0,0.0,0.0,0.0,0.0,0.0,0.0,0.0,0.0,0.5873850633273889,0.0,0.0,0.0
0.0,0.0,0.0,0.0,0.0,0.912009040675032,0.27616778467920833,0.0,0.0,0.0,0.0,0.0,0.0,0.0,0.0
0.5180321257751251,0.0,0.0,0.0,0.565810338199824,0.0,0.0,0.0,0.0,0.0,0.0,0.0,0.0,0.0,0.0
0.26186656880523274,0.4759072742336795,0.0,0.0,0.0,0.0,0.0,0.0,0.0,0.0,0.0,0.0,0.0,0.0,0.0
0.0,0.7847690163298454,0.0,0.0,0.0,0.0,0.0,0.0,0.0,0.06526937519639708,0.0,0.0,0.0,0.0,0.0
0.0,0.2971820042284359,0.0,0.0,0.0,0.0,0.0,0.5550815747138891,0.0,0.0,0.0,0.0,0.0,0.0,0.0
0.0,0.0,0.06075669856792432,0.0,0.0,0.0,0.0,0.0,0.44068255093213327,0.0,0.0,0.0,0.0,0.0,0.0
0.0,0.0,0.0,0.0,0.0,0.0,0.8237292793532031,0.054841396269831755,0.0,0.0,0.0,0.0,0.0,0.0,0.0
0.0,0.6844496646646051,0.0,0.0,0.0,0.0,0.0,0.0,0.0,0.0,0.8686263672499914,0.0,0.0,0.0,0.0
0.0,0.0,0.0,0.0,0.0,0.07146909433675386,0.0,0.0,0.0,0.0,0.3957889304192037,0.0,0.0,0.0,0.0
0.0,0.0,0.0,0.0,0.0,0.0,0.0,0.0,0.0,0.0,0.0,0.7373444941656169,0.0,0.9191303504477838,0.0
0.0,0.1770514259433228,0.0,0.0,0.0,0.0,0.44231629499602043,0.0,0.0,0.0,0.0,0.0,0.0,0.0,0.0
0.0,0.0,0.0,0.0,0.4632105775811991,0.0,0.0,0.0,0.0,0.0,0.0,0.0,0.0,0.0,0.8716866369436244
0.0,0.0,0.6815034482879447,0.0,0.0,0.0,0.0,0.0,0.0,0.0,0.0,0.0,0.0,0.0,0.44146875430519317
0.0,0.0,0.5097038033850506,0.0,0.0,0.6245351888666381,0.0,0.0,0.0,0.0,0.0,0.0,0.0,0.0,0.0
0.0,0.8281487361732024,0.0,0.0,0.0,0.0,0.0,0.0,0.0,0.0,0.0,0.5264405248323796,0.0,0.0,0.0
0.4053889032768526,0.0,0.0,0.0,0.8933997756102181,0.0,0.0,0.0,0.0,0.0,0.0,0.0,0.0,0.0,0.0
0.0,0.0,0.0,0.0,0.0,0.0,0.5210859273269939,0.0,0.0,0.0,0.0,0.0,0.0,0.0,0.6517588728516189
0.0,0.0,0.526105833306185,0.0,0.0,0.0,0.0,0.0,0.0,0.20588433212327395,0.0,0.0,0.0,0.0,0.0
0.0,0.0,0.0,0.0,0.0,0.0,0.0,0.0,0.0,0.0,0.0,0.0,0.3273876464406663,0.0,0.8043399904606363
0.0,0.7482166287685543,0.0,0.0,0.0,0.0,0.0,0.0,0.3090958675325144,0.0,0.0,0.0,0.0,0.0,0.0
0.0,0.0,0.0,0.6427058044304591,0.0,0.0,0.0,0.0,0.0,0.0,0.0,0.0,0.0,0.10319876580551912,0.0
0.0,0.0,0.0,0.0,0.0,0.0,0.9992201820450773,0.0,0.0,0.0,0.0,0.0,0.0,0.0,0.8141457712967514
0.0,0.0,0.0,0.0,0.0,0.07575433694757905,0.8960978341252326,0.0,0.0,0.0,0.0,0.0,0.0,0.0,0.0
0.0,0.0,0.0,0.0,0.0,0.24198430264515502,0.42284631228495684,0.0,0.0,0.0,0.0,0.0,0.0,0.0,0.0
0.0,0.18164418473962707,0.0,0.0,0.0,0.0,0.0,0.0,0.0,0.0,0.0,0.0,0.0,0.17435657631644585,0.0
0.0,0.0,0.0,0.0,0.6067073105942354,0.0,0.0,0.0,0.0,0.07396680778760967,0.0,0.0,0.0,0.0,0.0
0.0,0.0,0.0,0.0,0.0,0.12072443751056161,0.0,0.0,0.0,0.0,0.0,0.0,0.4279946482389526,0.0,0.0
0.0,0.0,0.0,0.0,0.0,0.0,0.0,0.0,0.0,0.9144946661299036,0.09841869343001386,0.0,0.0,0.0,0.0
0.0,0.0,0.0,0.0,0.90744677302045,0.0,0.0,0.0,0.0,0.0,0.0,0.0,0.2855185540202576,0.0,0.0
0.0,0.0,0.0,0.0,0.6043101136829869,0.0,0.4287215329047508,0.0,0.0,0.0,0.0,0.0,0.0,0.0,0.0
0.0,0.0,0.0,0.0,0.0,0.0,0.0,0.0,0.0,0.9849228771002305,0.0,0.0,0.0,0.5040252538527545,0.0
0.0,0.0,0.0,0.0,0.0,0.0,0.0,0.0,0.0,0.5506844903480269,0.0,0.0,0.0,0.05938190578035629,0.0
0.0,0.0,0.0,0.0,0.892439680314563,0.0,0.0,0.0,0.0,0.0,0.0,0.0,0.7110293483700132,0.0,0.0
0.0,0.0,0.0,0.0,0.0,0.0,0.0,0.3556770095269908,0.0,0.7067884147621463,0.0,0.0,0.0,0.0,0.0
0.0,0.0,0.0,0.0,0.0,0.0,0.0,0.0,0.0,0.3709113160502009,0.0,0.05752027298316731,0.0,0.0,0.0
0.0,0.452065053871996,0.0,0.0,0.0,0.0,0.0,0.07091271847437619,0.0,0.0,0.0,0.0,0.0,0.0,0.0
0.0,0.0,0.0,0.0,0.0,0.0,0.10410744617848011,0.0,0.0,0.0,0.729696948831983,0.0,0.0,0.0,0.0
0.0,0.0,0.0,0.0,0.3192781706921538,0.0,0.0,0.0,0.5020204045467529,0.0,0.0,0.0,0.0,0.0,0.0
0.0,0.0,0.0,0.0,0.005081270295970719,0.0,0.0,0.0,0.0,0.0,0.0,0.8187271617967959,0.0,0.0,0.0
0.0,0.0,0.0,0.0,0.0,0.2857937583336413,0.0,0.6489925397278515,0.0,0.0,0.0,0.0,0.0,0.0,0.0
0.7350150745150567,0.0,0.0,0.0,0.0,0.0,0.0,0.0,0.0,0.0,0.0,0.5245421522970187,0.0,0.0,0.0
0.0,0.0,0.4447574730868714,0.0,0.0,0.0,0.0,0.0,0.0,0.0,0.0,0.0,0.0,0.0,0.9586727104397231
0.0,0.0,0.0,0.0,0.0,0.0,0.0,0.0,0.0,0.0,0.8348212013571618,0.3980058691639581,0.0,0.0,0.0
0.9785011273417722,0.0,0.0,0.0,0.0,0.2500356442646793,0.0,0.0,0.0,0.0,0.0,0.0,0.0,0.0,0.0
0.0,0.0,0.0,0.0,0.0,0.0,0.0,0.5153749381127947,0.0,0.0,0.3906304728204739,0.0,0.0,0.0,0.0
0.0,0.23278426714666745,0.0,0.0,0.0,0.0,0.0,0.0,0.0,0.0,0.0,0.0,0.0,0.0,0.5449594749178672
0.0,0.0,0.0,0.0,0.0,0.0,0.0,0.0,0.0,0.0,0.0,0.0,0.8241365413160621,0.0,0.2104369984923069
0.0,0.0,0.0,0.0,0.0,0.0,0.0,0.0778928043074204,0.9355434798671263,0.0,0.0,0.0,0.0,0.0,0.0
0.0,0.0,0.0,0.0,0.42951382811001326,0.0,0.0,0.7019361780366595,0.0,0.0,0.0,0.0,0.0,0.0,0.0
0.4276864078736996,0.0,0.0,0.0,0.0,0.0,0.0,0.0,0.0,0.0,0.0,0.0,0.0,0.0,0.623934642886927
0.0,0.47975887898959635,0.6180136922443106,0.0,0.0,0.0,0.0,0.0,0.0,0.0,0.0,0.0,0.0,0.0,0.0
0.0,0.0,0.0,0.7417726914960364,0.0,0.11425508377513938,0.0,0.0,0.0,0.0,0.0,0.0,0.0,0.0,0.0
0.0,0.0,0.0,0.0,0.0,0.0,0.0,0.0,0.0,0.0,0.0,0.6147671071244343,0.9630702732805194,0.0,0.0
0.0,0.0,0.0,0.0,0.0,0.0,0.0,0.8147461784926338,0.0,0.0,0.0,0.0,0.0,0.6251869648004051,0.0
0.0,0.0,0.0,0.0,0.0,0.9303141054048366,0.0,0.0,0.31679087001263406,0.0,0.0,0.0,0.0,0.0,0.0
0.0,0.0,0.0,0.0,0.0,0.39441273589921844,0.0,0.0,0.0,0.045802396531503864,0.0,0.0,0.0,0.0,0.0
0.0,0.0,0.04760276696459553,0.0,0.0,0.31043967747635015,0.0,0.0,0.0,0.0,0.0,0.0,0.0,0.0,0.0
0.0,0.996343532441005,0.0,0.0,0.0,0.0,0.0,0.0,0.0,0.0,0.0,0.0,0.0,0.4716200719093596,0.0
0.0,0.0,0.0,0.0,0.5203273952853286,0.0,0.0,0.0,0.0,0.0,0.4749278960379858,0.0,0.0,0.0,0.0
0.2543177684203264,0.0,0.0,0.0,0.0,0.0,0.0,0.730998680204868,0.0,0.0,0.0,0.0,0.0,0.0,0.0
0.0,0.0,0.0,0.0,0.11684016990872215,0.0,0.0,0.0,0.0,0.0,0.0,0.0,0.8410212255972348,0.0,0.0
0.0,0.0,0.0,0.0,0.0,0.5913995076118335,0.0,0.0,0.0,0.0,0.0,0.0,0.0,0.8597322204315507,0.0
0.11617412718513942,0.0,0.0,0.0,0.0,0.0,0.0,0.0,0.0,0.0,0.0,0.0,0.0,0.0,0.0036258679278179384
0.5145916541057871,0.0,0.0,0.4712269189427357,0.0,0.0,0.0,0.0,0.0,0.0,0.0,0.0,0.0,0.0,0.0
0.0,0.0,0.0,0.0,0.0,0.0,0.0,0.0,0.0,0.0,0.0,0.0,0.3693049033934551,0.0,0.4373763167905744
0.0,0.0,0.0,0.0,0.0,0.0,0.0,0.0,0.0,0.0,0.6712712730019187,0.603638866358313,0.0,0.0,0.0
0.0,0.39517605862295924,0.0,0.9945473794011214,0.0,0.0,0.0,0.0,0.0,0.0,0.0,0.0,0.0,0.0,0.0
0.0,0.0,0.0,0.0,0.9719076232567685,0.0,0.0,0.0,0.0,0.0,0.7917533222404864,0.0,0.0,0.0,0.0
0.0,0.0,0.0,0.0,0.0,0.0,0.0,0.0,0.22809445046082555,0.0,0.0,0.0,0.0,0.0,0.3816387347402882
0.0,0.0,0.0,0.0,0.0,0.0,0.0,0.0,0.0,0.0,0.0,0.8942376368043711,0.0,0.0,0.007448565899827342
0.0,0.0,0.0,0.5582522844656763,0.0,0.20665755080629689,0.0,0.0,0.0,0.0,0.0,0.0,0.0,0.0,0.0
0.0,0.22039761560156224,0.0,0.0,0.0,0.0,0.0,0.0,0.0,0.2257727357763687,0.0,0.0,0.0,0.0,0.0
0.0,0.0,0.0,0.4542707246294656,0.0,0.0,0.0,0.0,0.0,0.0,0.0,0.3976054942909857,0.0,0.0,0.0
0.75109296712239,0.0,0.0,0.0,0.0,0.0,0.0,0.0,0.0,0.0,0.0,0.0,0.0,0.0,0.9338628785095107
0.4314551989758981,0.0,0.0,0.0,0.0,0.0,0.0,0.0,0.0,0.0,0.0,0.14121471510342354,0.0,0.0,0.0
0.0,0.9902177714380592,0.0,0.0,0.0,0.0,0.0,0.0,0.0,0.5993647144348476,0.0,0.0,0.0,0.0,0.0
0.0,0.8076744881873945,0.0,0.0,0.0,0.0,0.0,0.0,0.0,0.0,0.0,0.9368456234895994,0.0,0.0,0.0
0.0,0.0,0.0,0.0,0.0,0.0,0.19639474790496014,0.0,0.0,0.0,0.6054417629417503,0.0,0.0,0.0,0.0
0.0,0.0,0.0,0.0,0.0,0.0,0.0,0.0,0.0,0.0,0.25942386419293073,0.0,0.5235513577871027,0.0,0.0
0.0,0.0,0.0,0.0,0.0,0.0,0.2836771741708256,0.0,0.0,0.0,0.0,0.0,0.0,0.21331588914749267,0.0
0.0,0.0,0.0,0.0,0.0,0.0,0.8169104972638473,0.0,0.0,0.0,0.0,0.0,0.0,0.5974149649324416,0.0
0.0,0.0,0.9704973681709237,0.0,0.0,0.0,0.3465019249820399,0.0,0.0,0.0,0.0,0.0,0.0,0.0,0.0
0.7055128184160468,0.0,0.0,0.0,0.636387979682423,0.0,0.0,0.0,0.0,0.0,0.0,0.0,0.0,0.0,0.0
0.0,0.0,0.0,0.0,0.0,0.0,0.0,0.0,0.0,0.0,0.1011407553953304,0.5693547169886726,0.0,0.0,0.0
0.0,0.0,0.0,0.2858345390455209,0.0,0.0,0.0,0.0,0.14683710214278067,0.0,0.0,0.0,0.0,0.0,0.0
0.0,0.0,0.0,0.0,0.0,0.0,0.46902488934781783,0.0,0.0,0.26518748185939267,0.0,0.0,0.0,0.0,0.0
0.0,0.0,0.0,0.0,0.0,0.0,0.549132807714201,0.0,0.02285416338489843,0.0,0.0,0.0,0.0,0.0,0.0
0.0,0.0,0.0,0.0,0.0,0.0,0.13556255746781853,0.0,0.0,0.0,0.0,0.0,0.0,0.46818892146190816,0.0
0.0,0.0,0.0,0.02952917576723546,0.0,0.0,0.0,0.0,0.0,0.0,0.0,0.0,0.0,0.7907430957777728,0.0
0.7986890702440266,0.0,0.0,0.0,0.0,0.0,0.0,0.0,0.0,0.06916509246612756,0.0,0.0,0.0,0.0,0.0
0.0,0.0,0.0,0.0,0.0,0.0,0.9878225266609814,0.0,0.0,0.0,0.5066955338967442,0.0,0.0,0.0,0.0
0.0,0.0,0.0,0.42310269579534254,0.0,0.0,0.0,0.0,0.0,0.0,0.0,0.0,0.0025234959258989553,0.0,0.0
0.0,0.0,0.0,0.0,0.0,0.049267442461336075,0.0,0.0,0.0,0.0,0.0,0.0,0.2680540046447297,0.0,0.0
0.8868925165297773,0.0,0.9021661375082677,0.0,0.0,0.0,0.0,0.0,0.0,0.0,0.0,0.0,0.0,0.0,0.0
0.0,0.0,0.0,0.0,0.0,0.0,0.0,0.0,0.0,0.0,0.0,0.0,0.5828863894411376,0.0,0.8801808353103149
0.0,0.0,0.0,0.8988053514901914,0.949985560283163,0.0,0.0,0.0,0.0,0.0,0.0,0.0,0.0,0.0,0.0
0.0,0.0,0.0,0.19945698917709442,0.0,0.03963749600512556,0.0,0.0,0.0,0.0,0.0,0.0,0.0,0.0,0.0
0.0,0.0,0.0,0.7329762496338564,0.0,0.9793258452571029,0.0,0.0,0.0,0.0,0.0,0.0,0.0,0.0,0.0
0.5050868237186362,0.0,0.0,0.0,0.0,0.0,0.0,0.0,0.0,0.8877100984406442,0.0,0.0,0.0,0.0,0.0
0.0,0.0,0.0,0.0,0.0,0.0,0.0,0.05171972905222588,0.3262699516954808,0.0,0.0,0.0,0.0,0.0,0.0
0.0,0.0,0.0,0.0,0.0,0.7683639243526453,0.0,0.0,0.0,0.057368254308309274,0.0,0.0,0.0,0.0,0.0
0.0,0.6219539630823339,0.0,0.0,0.0,0.0,0.0,0.0,0.0,0.0,0.0,0.0,0.8982466788279055,0.0,0.0
0.0,0.0,0.0,0.0,0.0,0.0,0.0,0.0,0.0,0.0,0.4021364748827576,0.0,0.0,0.9832681140213534,0.0
0.0,0.0,0.0,0.0,0.0,0.0,0.0,0.0,0.0,0.010588674504964257,0.0,0.6417457207265375,0.0,0.0,0.0
0.0,0.0,0.0,0.26312973465264244,0.0,0.0,0.0,0.0,0.1636334942096913,0.0,0.0,0.0,0.0,0.0,0.0
0.0,0.0,0.0,0.4488623673656189,0.0,0.0,0.0,0.0,0.0,0.0,0.0,0.0,0.0,0.02699245693604546,0.0
0.0,0.0,0.0,0.0,0.0,0.0,0.0,0.0,0.0,0.6481966327227763,0.0,0.0,0.04394331455576339,0.0,0.0
0.0,0.0,0.0,0.0,0.0,0.0,0.0,0.0,0.9281469255946909,0.0,0.0,0.719936085638881,0.0,0.0,0.0
0.0,0.0,0.0,0.2781943537484701,0.0,0.0,0.0,0.0,0.0,0.0,0.0,0.10988848999358469,0.0,0.0,0.0
0.0,0.0,0.0,0.0,0.4046188078665447,0.0,0.0,0.0,0.0,0.0,0.0,0.0,0.0,0.07483999543473474,0.0
0.0,0.0,0.0,0.5171617466472599,0.0,0.8001923804838732,0.0,0.0,0.0,0.0,0.0,0.0,0.0,0.0,0.0
0.0,0.0,0.35966362060731316,0.0,0.0,0.0,0.0,0.0,0.0,0.0,0.004210022898832988,0.0,0.0,0.0,0.0
0.0,0.4536477812183195,0.0,0.0,0.0,0.0,0.0,0.0,0.0,0.0,0.0,0.5246302776494874,0.0,0.0,0.0
0.0,0.0,0.0,0.0,0.0,0.0,0.0,0.0,0.0,0.0,0.19120501593739558,0.030501082157238568,0.0,0.0,0.0
0.0,0.0,0.0,0.0,0.06577048978063316,0.0,0.0,0.0,0.0,0.0,0.0,0.8615928249404515,0.0,0.0,0.0
0.0,0.0,0.0,0.0,0.0,0.0,0.36898029899090024,0.0,0.0,0.0,0.0,0.7205701145889606,0.0,0.0,0.0
0.0,0.0,0.0,0.0,0.0,0.5774933328877263,0.0,0.0,0.0,0.0,0.0,0.0,0.17423355783902783,0.0,0.0
0.0,0.0,0.0,0.0,0.0,0.0,0.0,0.0,0.0,0.0,0.27854586025536165,0.0,0.9011426704740028,0.0,0.0
0.0,0.0,0.9088296933849335,0.0,0.5330334162506907,0.0,0.0,0.0,0.0,0.0,0.0,0.0,0.0,0.0,0.0
0.0,0.0,0.0,0.0,0.0,0.8164503668547509,0.0,0.0,0.0,0.9927326851872091,0.0,0.0,0.0,0.0,0.0
0.0,0.0,0.0,0.7463387452951084,0.0,0.0,0.0,0.0,0.0,0.0,0.0,0.0,0.0,0.8214490437385759,0.0
0.0,0.0,0.5781180309121982,0.0,0.0,0.0,0.0,0.0,0.6953508843220302,0.0,0.0,0.0,0.0,0.0,0.0
0.0,0.0,0.0,0.34886425618489636,0.0,0.48761536719845144,0.0,0.0,0.0,0.0,0.0,0.0,0.0,0.0,0.0
0.0,0.3497913567963533,0.0,0.0,0.0,0.0,0.0,0.0,0.0,0.0,0.0,0.0,0.0,0.0,0.9865527268591081
0.0,0.0,0.0,0.0,0.0,0.6715862179560443,0.0,0.0,0.0,0.0,0.0,0.0,0.37392038962905927,0.0,0.0
0.0,0.0,0.0,0.08302659613134156,0.0,0.0,0.0,0.0,0.0,0.0,0.0,0.0,0.0,0.431782431978906,0.0
0.0,0.0,0.0,0.0,0.0,0.0,0.0,0.2884569595031169,0.0,0.0,0.0,0.0,0.0,0.0,0.34516203313164573
0.0,0.0,0.0,0.0,0.0,0.0,0.0,0.0,0.0,0.152594951081088,0.0,0.0,0.1882111791762029,0.0,0.0
0.0,0.0,0.0,0.0,0.5714411226840612,0.0,0.0,0.0,0.0,0.0,0.0,0.0,0.15432203904926267,0.0,0.0
0.0,0.48797470855751934,0.0,0.0,0.0,0.0,0.0,0.0,0.1919574325351454,0.0,0.0,0.0,0.0,0.0,0.0
0.0,0.0,0.0,0.24683909378684843,0.0,0.0,0.0,0.0,0.0,0.0,0.0,0.0,0.4327832082257026,0.0,0.0
0.0,0.0,0.0,0.0,0.0,0.18493336615226175,0.0,0.0,0.0,0.0,0.0,0.0,0.0,0.7713553292562833,0.0
0.0,0.0,0.0,0.0,0.0,0.0,0.46184285707701567,0.0,0.0,0.0,0.0,0.0,0.0,0.0,0.6473484978548145
0.28268210264282456,0.0,0.0,0.0,0.0,0.0,0.0,0.0,0.0,0.5478978890632188,0.0,0.0,0.0,0.0,0.0
0.0,0.0,0.0,0.0,0.6010403996575746,0.0,0.0,0.0,0.0,0.0,0.26048597654547245,0.0,0.0,0.0,0.0
0.0,0.8688130126469633,0.0,0.0,0.0,0.0,0.0,0.0,0.0,0.3162903777392122,0.0,0.0,0.0,0.0,0.0
0.0,0.0,0.0,0.0,0.0,0.0,0.0,0.0,0.0,0.0,0.0,0.0,0.0,0.3048247359526093,0.6982958653519626
0.0,0.0,0.0,0.0,0.0,0.0,0.0,0.0,0.0,0.0,0.9412470975661158,0.0,0.11912532369021989,0.0,0.0
0.0,0.0,0.0,0.32624206559050084,0.0,0.0,0.0,0.0,0.0,0.0,0.0,0.49985972836461745,0.0,0.0,0.0
0.0,0.0,0.0,0.0,0.0,0.0,0.0,0.0,0.27715839166764167,0.5880445714182221,0.0,0.0,0.0,0.0,0.0
0.0,0.0,0.0,0.0,0.0,0.0,0.0,0.0,0.0,0.0,0.0,0.17610459727140293,0.0,0.5357482524181051,0.0
0.11605147605100241,0.23164074083465813,0.0,0.0,0.0,0.0,0.0,0.0,0.0,0.0,0.0,0.0,0.0,0.0,0.0
0.0,0.5361762793270428,0.0,0.0,0.5013051302836063,0.0,0.0,0.0,0.0,0.0,0.0,0.0,0.0,0.0,0.0
0.9218603038246206,0.0,0.0,0.0,0.0,0.6449935828473359,0.0,0.0,0.0,0.0,0.0,0.0,0.0,0.0,0.0
0.7271635673236164,0.0,0.0,0.0,0.0,0.0,0.0,0.0,0.0,0.0,0.0,0.0,0.0,0.6441785415269137,0.0
0.0,0.0,0.0,0.0,0.48465969846649704,0.0,0.0,0.0,0.0,0.0,0.0,0.0,0.21568509512623546,0.0,0.0
0.674068153142499,0.0,0.0,0.0,0.0,0.0,0.0,0.0,0.0,0.0,0.0,0.0,0.0,0.16679113678144708,0.0
0.9658592019694526,0.6555010524029402,0.0,0.0,0.0,0.0,0.0,0.0,0.0,0.0,0.0,0.0,0.0,0.0,0.0
0.0,0.0,0.0,0.0,0.0,0.0,0.0,0.0,0.09928204128562235,0.0,0.0,0.0,0.0,0.0,0.32582665136956146
0.11236538747278357,0.0,0.0,0.0,0.0,0.0,0.0,0.385891105569486,0.0,0.0,0.0,0.0,0.0,0.0,0.0
0.0,0.0,0.0,0.0,0.0,0.0,0.0,0.10350594832524773,0.0,0.0,0.9615471234644782,0.0,0.0,0.0,0.0
0.0,0.0,0.0,0.0,0.39026928749916057,0.0,0.0,0.0,0.47038415533406674,0.0,0.0,0.0,0.0,0.0,0.0
0.0,0.0,0.0,0.0,0.26265350333095094,0.0,0.0,0.0,0.0,0.0,0.5307453504695527,0.0,0.0,0.0,0.0
0.0,0.0,0.0,0.0,0.0,0.0,0.0,0.0,0.0,0.0,0.0,0.02656878622710157,0.0,0.2915923657416135,0.0
0.2030335067282668,0.0,0.0,0.44216935680269254,0.0,0.0,0.0,0.0,0.0,0.0,0.0,0.0,0.0,0.0,0.0
0.0,0.0,0.0,0.0,0.0,0.0,0.0,0.0,0.1819401088905468,0.4667046219755925,0.0,0.0,0.0,0.0,0.0
0.93558949268973,0.0,0.0,0.0,0.0,0.0,0.0,0.0,0.0,0.0,0.0,0.3421321753394303,0.0,0.0,0.0
0.22689315865729698,0.0,0.0,0.0,0.0,0.0,0.0,0.0,0.0,0.0,0.0,0.516167398761569,0.0,0.0,0.0
0.0,0.0,0.0,0.0,0.0,0.0,0.0,0.0,0.0,0.0,0.0,0.43415691295148795,0.0,0.15108484228633356,0.0
0.0,0.0,0.0,0.0,0.0,0.23633703796487804,0.0,0.1850732568161355,0.0,0.0,0.0,0.0,0.0,0.0,0.0
0.11015465535957436,0.0,0.0,0.0,0.4604022530496158,0.0,0.0,0.0,0.0,0.0,0.0,0.0,0.0,0.0,0.0
0.0,0.0,0.0,0.0,0.7151211804432913,0.0,0.0,0.8137520377709616,0.0,0.0,0.0,0.0,0.0,0.0,0.0
0.0,0.0,0.0,0.855295210522662,0.0,0.0,0.0,0.0,0.0,0.0,0.0,0.0,0.0,0.0,0.3880356584637935
0.0,0.0,0.0,0.0,0.85222293396181,0.0,0.0,0.0,0.0,0.0,0.0,0.0,0.0,0.0,0.6430713911446804
0.0,0.0,0.0,0.0,0.029364367996284058,0.0,0.0,0.0,0.990958617986926,0.0,0.0,0.0,0.0,0.0,0.0
0.8437927826399585,0.0,0.0,0.0,0.0,0.0,0.0,0.0,0.0,0.0,0.0,0.0,0.012415865151064742,0.0,0.0
0.0,0.0,0.0,0.0,0.0,0.0,0.0,0.0,0.0,0.410635196250852,0.0,0.0,0.0,0.5856264321096321,0.0
0.0,0.0,0.0,0.0,0.0,0.0,0.0,0.0,0.0,0.0,0.828574542273156,0.8755069915629992,0.0,0.0,0.0
0.0,0.0,0.7533046029820198,0.9491363970236616,0.0,0.0,0.0,0.0,0.0,0.0,0.0,0.0,0.0,0.0,0.0
0.0,0.0,0.0,0.0,0.0,0.0,0.0,0.9584395841916296,0.0,0.5548842974175193,0.0,0.0,0.0,0.0,0.0
0.0,0.0,0.0,0.0,0.0,0.0,0.0,0.0,0.0,0.0,0.0,0.6345769608095354,0.0,0.0,0.1290239661149991
0.0,0.47050501760300834,0.0,0.013502587320072923,0.0,0.0,0.0,0.0,0.0,0.0,0.0,0.0,0.0,0.0,0.0
0.0,0.0,0.0,0.14885136943166577,0.0,0.0,0.0,0.0,0.0,0.0,0.013123119980950726,0.0,0.0,0.0,0.0
0.0,0.0,0.0,0.0,0.0,0.0,0.0,0.0,0.0,0.0,0.0,0.0,0.13292437203691743,0.5757844348740376,0.0
0.5556869778855947,0.15397624277709254,0.0,0.0,0.0,0.0,0.0,0.0,0.0,0.0,0.0,0.0,0.0,0.0,0.0
0.0,0.6123473464848332,0.0,0.0,0.0,0.0,0.0,0.0,0.0,0.0,0.0,0.0,0.0,0.0,0.9743664602785718
0.0,0.5137241170457553,0.0,0.0,0.0,0.0,0.0,0.8176404779162051,0.0,0.0,0.0,0.0,0.0,0.0,0.0
0.0,0.0,0.0,0.0,0.0,0.0,0.21479549855567615,0.3349168363193996,0.0,0.0,0.0,0.0,0.0,0.0,0.0
0.0,0.0,0.0,0.0,0.0,0.0,0.0,0.1212836308721873,0.0,0.8217291548536884,0.0,0.0,0.0,0.0,0.0
0.0,0.0,0.0,0.0,0.0,0.0,0.0,0.9448414259305292,0.0,0.0,0.157834402806722,0.0,0.0,0.0,0.0
0.0,0.0,0.0,0.0,0.0,0.3672769066049183,0.0,0.0,0.0,0.0,0.0,0.0,0.4132738962708554,0.0,0.0
0.0,0.6432286186475846,0.0,0.0,0.0,0.0,0.0,0.0,0.0,0.0,0.0,0.4888645698555808,0.0,0.0,0.0
0.0,0.0,0.0,0.0,0.3121874290290113,0.0,0.0,0.0,0.0,0.0,0.0,0.0,0.0,0.0,0.9654637268573967
0.0,0.3844771599104788,0.0,0.0,0.0,0.23774422817988417,0.0,0.0,0.0,0.0,0.0,0.0,0.0,0.0,0.0
0.0,0.0,0.0,0.0,0.0,0.0,0.0,0.0,0.0,0.0,0.0,0.044305958498103815,0.0,0.7096739978916209,0.0
0.0,0.0,0.0,0.0,0.7403484733362062,0.0,0.0,0.7325295454599468,0.0,0.0,0.0,0.0,0.0,0.0,0.0
0.0,0.29029779311832504,0.0,0.0,0.0,0.0,0.0,0.0,0.0,0.0,0.0,0.0,0.0,0.6296616784878409,0.0
0.0,0.0,0.0,0.0,0.0,0.0,0.0,0.0,0.43259577675957694,0.0,0.0,0.0,0.9222906174425056,0.0,0.0
0.0,0.0,0.0,0.9892665847050116,0.0,0.0,0.0,0.0,0.6323571338423241,0.0,0.0,0.0,0.0,0.0,0.0
0.0,0.96550391628838,0.0,0.0,0.0,0.0,0.0,0.0,0.0,0.0,0.1802185195260424,0.0,0.0,0.0,0.0
0.9922584524170077,0.5719057327799474,0.0,0.0,0.0,0.0,0.0,0.0,0.0,0.0,0.0,0.0,0.0,0.0,0.0
0.0,0.0,0.0,0.0,0.0,0.8962343471189884,0.29538476248228485,0.0,0.0,0.0,0.0,0.0,0.0,0.0,0.0
0.0,0.0,0.0,0.030471065015782672,0.0,0.0,0.0,0.0,0.0,0.8064363353920081,0.0,0.0,0.0,0.0,0.0
0.0,0.0,0.8304322619063655,0.0,0.0,0.0,0.0,0.0,0.0,0.7518295419004111,0.0,0.0,0.0,0.0,0.0
0.0,0.0,0.0,0.0,0.0,0.0,0.0,0.0,0.4365988069723319,0.0,0.0,0.0,0.0,0.0,0.13131479279020208
0.0,0.0,0.0,0.0,0.6594100548538162,0.0,0.0,0.0,0.0,0.0,0.0,0.0,0.0,0.0,0.3432469976354511
0.0,0.0,0.0,0.0,0.0,0.0,0.0,0.0,0.0,0.0838436445960069,0.0,0.0,0.911896646777209,0.0,0.0
0.0,0.0,0.0,0.5826351101129403,0.0,0.0,0.0,0.0,0.0,0.0,0.7871707460583861,0.0,0.0,0.0,0.0
0.0,0.811192993775987,0.0,0.0,0.0,0.0,0.0,0.0,0.0,0.0,0.0,0.0,0.0,0.7486434213359224,0.0
0.0,0.0,0.0,0.0,0.0,0.0,0.2652927621536396,0.0,0.0,0.0,0.6000898863355982,0.0,0.0,0.0,0.0
0.0,0.0,0.0,0.0,0.0,0.0,0.0,0.0,0.3755164027687643,0.0,0.0,0.0,0.0,0.16741356351076908,0.0
0.0,0.0,0.0,0.0,0.0,0.0,0.0,0.0,0.4505037810534639,0.0,0.0,0.0,0.0,0.23698368535375514,0.0
0.12860435653497793,0.0,0.9749161155878884,0.0,0.0,0.0,0.0,0.0,0.0,0.0,0.0,0.0,0.0,0.0,0.0
0.6756209502759082,0.0,0.0,0.0,0.18134561380845593,0.0,0.0,0.0,0.0,0.0,0.0,0.0,0.0,0.0,0.0
0.0,0.0,0.3154220982166215,0.0,0.0,0.0,0.5074745636103295,0.0,0.0,0.0,0.0,0.0,0.0,0.0,0.0
0.0,0.0,0.0,0.0,0.4315999017369142,0.0,0.0,0.1412094619949491,0.0,0.0,0.0,0.0,0.0,0.0,0.0
0.0,0.0,0.0,0.0,0.0,0.0,0.0,0.0,0.0,0.0,0.0,0.0,0.01623078897021768,0.9532165741506957,0.0
0.8620507947294127,0.0,0.0,0.0,0.0,0.0,0.0,0.05619686093312126,0.0,0.0,0.0,0.0,0.0,0.0,0.0
0.0,0.0,0.6713530231991172,0.0,0.0,0.0,0.0,0.0,0.0,0.0,0.0,0.0,0.0,0.0,0.31966912798777636
0.0,0.0,0.0,0.0,0.0,0.0,0.7928678065718935,0.0,0.07242646407142683,0.0,0.0,0.0,0.0,0.0,0.0
0.0,0.0,0.0,0.0,0.0,0.528708694148542,0.0,0.0,0.0,0.45618499453452166,0.0,0.0,0.0,0.0,0.0
0.0,0.0,0.0,0.0,0.0,0.0,0.0,0.0,0.0,0.0,0.0,0.01674070622315249,0.0,0.8970276974867282,0.0
0.0,0.0,0.0,0.0,0.0,0.0,0.0,0.0,0.0,0.0,0.0,0.0,0.0,0.7003831304964441,0.47959064030458143
0.0,0.0,0.0,0.0,0.0,0.4818909227025998,0.0,0.0,0.0,0.0,0.6913584325221952,0.0,0.0,0.0,0.0
0.9341208072915573,0.0,0.0,0.0,0.0,0.0,0.0,0.0,0.0,0.0,0.0,0.05721103271302219,0.0,0.0,0.0
0.0,0.0,0.0,0.0,0.0,0.38101914057423847,0.0,0.0,0.0,0.0,0.0,0.0,0.0,0.0,0.6024695547713735
0.8165868417475465,0.0,0.0,0.0,0.0,0.0,0.0,0.11696822179402244,0.0,0.0,0.0,0.0,0.0,0.0,0.0
0.0,0.5581052929928336,0.0,0.0,0.0,0.0,0.0,0.0,0.6394181068237328,0.0,0.0,0.0,0.0,0.0,0.0
0.0,0.0,0.0,0.0,0.28886640661584995,0.0,0.0,0.0,0.0,0.0,0.016946105595414207,0.0,0.0,0.0,0.0
0.0,0.0,0.0,0.0,0.0,0.0,0.0,0.5621644401947197,0.0,0.14256410863798463,0.0,0.0,0.0,0.0,0.0
0.0,0.0,0.0,0.0,0.0,0.0,0.0,0.0,0.0,0.038244347672444,0.9216207293199281,0.0,0.0,0.0,0.0
0.0,0.0,0.0,0.0,0.0,0.0,0.0,0.0,0.0,0.0,0.0,0.0,0.0,0.4799337708210587,0.4496208248331337
0.0,0.0,0.0,0.31331266259706037,0.0,0.0,0.0,0.0,0.0,0.0,0.0,0.2819131476632064,0.0,0.0,0.0
0.0,0.0,0.0,0.0,0.0,0.0,0.0,0.0,0.8038569796509135,0.0,0.0,0.05787799902212565,0.0,0.0,0.0
0.0,0.0,0.0,0.0,0.027473862863040877,0.0,0.0,0.09233150797089107,0.0,0.0,0.0,0.0,0.0,0.0,0.0
0.15632679461984633,0.0,0.0,0.0,0.0,0.5763676363492234,0.0,0.0,0.0,0.0,0.0,0.0,0.0,0.0,0.0
0.0,0.0,0.0,0.0,0.0,0.0,0.0,0.0,0.0,0.0,0.39662622221114274,0.0,0.1889061898077825,0.0,0.0
0.2918731204487478,0.0,0.0,0.0,0.0,0.0,0.0,0.0,0.0,0.0,0.0,0.3666049632611973,0.0,0.0,0.0
0.0,0.0,0.0,0.0,0.0,0.0,0.0,0.0,0.0,0.0,0.0,0.3120365901763438,0.0,0.7161190188181367,0.0
0.0,0.0,0.0,0.0,0.0,0.0,0.0,0.0,0.0,0.0,0.0,0.0,0.7147377751620766,0.0,0.24551537595387118
0.0,0.0,0.0,0.0,0.0,0.0,0.04599460061880245,0.0,0.0,0.0,0.0,0.0,0.3232731841136822,0.0,0.0
0.0,0.0,0.0,0.6117192511713043,0.0,0.0,0.0,0.0,0.0,0.0,0.0,0.0,0.0,0.0,0.11162658864205943
0.0,0.0,0.31900038609206705,0.0,0.0,0.0,0.0,0.0,0.0,0.0,0.0,0.0,0.0,0.0338108504705682,0.0
0.0,0.0,0.0,0.0,0.0,0.3546383589822558,0.0,0.0,0.0,0.0,0.0,0.0,0.6550581582970398,0.0,0.0
0.0,0.0,0.5383138044732213,0.0,0.0,0.0,0.0,0.0,0.0,0.06581484924280456,0.0,0.0,0.0,0.0,0.0
0.0,0.0,0.41241913334915226,0.0,0.0,0.0,0.0,0.0,0.0,0.0,0.0,0.0,0.0,0.0,0.885566940803668
0.0,0.0,0.0,0.17934699788828168,0.0,0.0,0.0,0.6062258853258717,0.0,0.0,0.0,0.0,0.0,0.0,0.0
0.0,0.0,0.2638873205610338,0.0,0.0,0.0,0.0,0.0,0.8605738297120502,0.0,0.0,0.0,0.0,0.0,0.0
0.0,0.20304216988959156,0.0,0.0,0.0,0.40293000502974974,0.0,0.0,0.0,0.0,0.0,0.0,0.0,0.0,0.0
0.0,0.0,0.0,0.0,0.0,0.0,0.0,0.0,0.3962447277688971,0.0,0.0,0.0219899604887408,0.0,0.0,0.0
0.0,0.0,0.0,0.0,0.24548877445481476,0.0,0.0,0.0,0.0,0.0,0.14469920093443123,0.0,0.0,0.0,0.0
0.0,0.0,0.0,0.0,0.6210436972001846,0.0,0.0,0.0,0.0,0.0,0.8590953859703298,0.0,0.0,0.0,0.0
0.0,0.0,0.0,0.0,0.0,0.0,0.0,0.8453962278032177,0.0,0.0,0.0,0.0,0.0,0.0,0.20044431072279023
0.0,0.0,0.0,0.0,0.0,0.10629340394836251,0.0,0.0,0.855011717504213,0.0,0.0,0.0,0.0,0.0,0.0
0.0,0.0,0.0,0.9561670996672855,0.0,0.4320275997070445,0.0,0.0,0.0,0.0,0.0,0.0,0.0,0.0,0.0
0.0,0.0,0.0,0.0,0.0,0.2289568721309012,0.0,0.0,0.685271566577467,0.0,0.0,0.0,0.0,0.0,0.0
0.0,0.0,0.0,0.0,0.0,0.0,0.6575348477690753,0.0,0.0,0.0,0.0,0.7056830143086069,0.0,0.0,0.0
0.0,0.0,0.0,0.3061460237179563,0.0,0.0,0.0,0.0,0.0,0.0,0.0,0.0,0.33238080866220066,0.0,0.0
0.0,0.0,0.0,0.0,0.0,0.0,0.0,0.5984028648086748,0.0,0.0,0.0,0.0,0.9020601566418579,0.0,0.0
0.0,0.0,0.0,0.0,0.0,0.0,0.0,0.718360613676882,0.0,0.12997406366898956,0.0,0.0,0.0,0.0,0.0
0.0,0.0,0.0,0.8781828029456262,0.0,0.11047466059972144,0.0,0.0,0.0,0.0,0.0,0.0,0.0,0.0,0.0
0.0,0.9936296813880933,0.0,0.0,0.0,0.0,0.0,0.0,0.0,0.0,0.0,0.323099376582644,0.0,0.0,0.0
0.0,0.0,0.0,0.0,0.0,0.0,0.0,0.8281502740117647,0.0,0.0,0.0,0.34668181356635597,0.0,0.0,0.0
0.79043192231578,0.0,0.0,0.0,0.0,0.0,0.0,0.0,0.0,0.0,0.0,0.0,0.0,0.0,0.022997403524766202
0.0,0.0,0.0,0.0,0.0,0.0,0.0,0.42529168727871014,0.0,0.0,0.0,0.0,0.5912860462579426,0.0,0.0
0.0,0.0,0.0,0.0,0.6943049494391186,0.0,0.0,0.0,0.0,0.0,0.0,0.500131857561266,0.0,0.0,0.0
0.0,0.0,0.634049464596864,0.0,0.0,0.0,0.0,0.0,0.0,0.0,0.0,0.0,0.0,0.18937438737443624,0.0
0.0,0.0,0.0,0.0,0.0,0.0,0.0,0.0,0.6776712863285049,0.0,0.0,0.0,0.0,0.8863846621136546,0.0
0.0,0.0,0.0,0.0,0.0,0.0,0.0,0.9295102030854206,0.0,0.0,0.0,0.0,0.7160032020629271,0.0,0.0
0.0,0.0,0.0,0.0,0.0,0.0,0.0,0.0,0.0,0.0,0.2305623173211655,0.0,0.21680035267395026,0.0,0.0
0.0,0.0,0.0,0.0,0.0,0.00019039916878793584,0.0,0.0,0.0,0.0,0.0,0.0,0.0,0.6329069258850701,0.0
0.0,0.0,0.0,0.0,0.3524879716661834,0.0,0.0,0.0,0.826867989870342,0.0,0.0,0.0,0.0,0.0,0.0
0.0,0.0,0.0,0.0,0.0,0.0,0.0,0.0,0.0,0.0,0.07319907716542906,0.0,0.0,0.0,0.25778029982413586
0.0,0.0,0.0,0.0,0.0,0.3727456930491837,0.0,0.0,0.0,0.0,0.8841590971971638,0.0,0.0,0.0,0.0
0.3115319369990701,0.0,0.0,0.0,0.0,0.0,0.0,0.0,0.0,0.0,0.7765098581444198,0.0,0.0,0.0,0.0
0.0,0.07522736232380312,0.0,0.0,0.0,0.0,0.0,0.0,0.0,0.0,0.0,0.0,0.0,0.21759526704593335,0.0
0.0,0.16522040335183097,0.0,0.0,0.0,0.0,0.43397310296019476,0.0,0.0,0.0,0.0,0.0,0.0,0.0,0.0
0.0,0.0,0.0,0.0,0.0,0.0,0.0,0.0,0.0,0.6326091737523921,0.0,0.0,0.0,0.0,0.05096572557837553
0.0,0.0,0.0,0.0,0.0,0.0,0.0,0.4055099311498961,0.0,0.0,0.0,0.0,0.0,0.0,0.259555263444718
0.0,0.0,0.41589106763259864,0.0,0.0,0.0,0.0,0.0,0.0,0.0,0.5427959581247334,0.0,0.0,0.0,0.0
0.0,0.0,0.0,0.0,0.8253885316816917,0.0,0.0,0.6571658829197755,0.0,0.0,0.0,0.0,0.0,0.0,0.0
0.0,0.0,0.0,0.0,0.5679049791296565,0.91910576947763,0.0,0.0,0.0,0.0,0.0,0.0,0.0,0.0,0.0
0.0,0.0,0.0,0.0,0.0,0.7832361925607124,0.0,0.0,0.0,0.0,0.0,0.21789329231670884,0.0,0.0,0.0
0.9124076787857298,0.0,0.0,0.0,0.0,0.0,0.0,0.0,0.0,0.0,0.0,0.2486319825402512,0.0,0.0,0.0
0.0,0.0,0.0,0.0,0.0,0.002051683088083456,0.0,0.0,0.0,0.9448223641917185,0.0,0.0,0.0,0.0,0.0
0.0,0.0,0.0,0.0,0.0,0.0,0.0,0.0,0.8312525540225321,0.0,0.0,0.0,0.0,0.14874947510276226,0.0
0.0,0.0,0.0,0.0,0.0,0.6298545990461619,0.0,0.0,0.0,0.0,0.0,0.13118898515734112,0.0,0.0,0.0
0.0,0.0,0.0,0.0,0.0,0.36884140525258735,0.0,0.764479396084624,0.0,0.0,0.0,0.0,0.0,0.0,0.0
0.0,0.0,0.0,0.0,0.703717884678368,0.0,0.0,0.0,0.996592925677217,0.0,0.0,0.0,0.0,0.0,0.0
0.0,0.0,0.0,0.0,0.0,0.0,0.15082047793522868,0.0,0.0,0.15087435622084533,0.0,0.0,0.0,0.0,0.0
0.0,0.0,0.0,0.0,0.0,0.0,0.0,0.0,0.834068649253536,0.0,0.9619226528321024,0.0,0.0,0.0,0.0
0.0,0.0,0.5371740388300955,0.0,0.0,0.0,0.0,0.0,0.0,0.0,0.6072916794502277,0.0,0.0,0.0,0.0
0.0,0.3441215006822884,0.0,0.0,0.0,0.0,0.0,0.0,0.0,0.0,0.0,0.0,0.0,0.6631915359817145,0.0
0.0,0.0,0.0,0.0,0.0,0.0,0.0,0.0,0.09178096824620385,0.0,0.0,0.2823828963277758,0.0,0.0,0.0
0.0,0.0,0.0,0.0,0.8494648405209548,0.0,0.0,0.0,0.0,0.0,0.0,0.0,0.0,0.0,0.7434252063936199
0.0,0.0,0.3045735642819679,0.8252642992250374,0.0,0.0,0.0,0.0,0.0,0.0,0.0,0.0,0.0,0.0,0.0
0.0,0.0,0.0,0.0,0.0,0.0,0.0,0.0,0.0,0.0,0.0,0.0,0.33080749566745604,0.4718060081437997,0.0
0.0,0.0,0.0,0.0,0.0,0.0,0.0,0.051321412764771424,0.0,0.0,0.0,0.0,0.0,0.0,0.9745643149431393
0.0,0.5485724066748491,0.0,0.0,0.0,0.0,0.0,0.0,0.0,0.0,0.0,0.0,0.0,0.5071945159132061,0.0
0.0,0.0,0.0,0.10658797113889695,0.0,0.0,0.0,0.0,0.0,0.0,0.015195558723151814,0.0,0.0,0.0,0.0
0.0,0.13339639640164325,0.0,0.0,0.0,0.0,0.0,0.0,0.0,0.0,0.0,0.021175821540311945,0.0,0.0,0.0
0.0,0.0,0.0,0.0,0.0,0.0,0.0,0.0,0.0,0.9574113300562859,0.0,0.0,0.899513921600737,0.0,0.0
0.0,0.0,0.0,0.0,0.0,0.0,0.0,0.0,0.3896643644604447,0.986496302600023,0.0,0.0,0.0,0.0,0.0
0.0,0.0,0.0,0.0,0.0,0.0,0.0,0.0,0.0,0.0,0.20055779049587674,0.732684512876174,0.0,0.0,0.0
0.16226016247545927,0.0,0.0,0.0,0.0,0.0,0.0,0.0,0.0,0.0,0.0,0.0,0.8823648821366172,0.0,0.0
0.0,0.0,0.0,0.0,0.0,0.0,0.0,0.0,0.0,0.6920639767745571,0.0,0.046216199539589886,0.0,0.0,0.0
0.0,0.0,0.2645505737601488,0.0,0.0,0.0,0.0,0.0,0.0,0.0,0.0,0.40523599607266614,0.0,0.0,0.0
0.0,0.0,0.0,0.0,0.0,0.0,0.0,0.0,0.9318334690190815,0.0,0.6052268182086595,0.0,0.0,0.0,0.0
0.5055009991027689,0.0,0.0,0.0,0.0,0.0,0.0,0.0,0.0,0.0,0.0,0.0,0.0,0.3709602582072079,0.0
0.6524686887493523,0.0,0.0,0.0,0.0,0.0,0.0,0.0,0.0,0.0,0.0,0.0,0.0,0.25051493268351266,0.0
0.12447445418902314,0.0,0.0,0.0,0.0,0.0,0.0,0.0,0.0,0.0,0.2997224993637905,0.0,0.0,0.0,0.0
0.0,0.012607247614277672,0.0,0.30631171266141355,0.0,0.0,0.0,0.0,0.0,0.0,0.0,0.0,0.0,0.0,0.0
0.0,0.0,0.0,0.0,0.5382514675554104,0.0,0.0,0.0,0.0,0.0,0.0,0.0,0.0,0.5989000734888508,0.0
0.0,0.0,0.0,0.0,0.0,0.0,0.0,0.8485422296350839,0.0,0.0,0.0,0.0,0.4028044618130341,0.0,0.0
0.0,0.0,0.0,0.6049209757889451,0.14426892471908903,0.0,0.0,0.0,0.0,0.0,0.0,0.0,0.0,0.0,0.0
0.0,0.0,0.0,0.0,0.0,0.6865504128320136,0.0,0.0,0.0,0.0,0.0,0.0,0.0,0.0,0.1946433268470663
0.0,0.0,0.0,0.0,0.0,0.0,0.0,0.8801246382587905,0.0,0.5162085586176818,0.0,0.0,0.0,0.0,0.0
0.0,0.0,0.0,0.0,0.0,0.0,0.0,0.0,0.05633615217343557,0.0,0.0,0.0,0.7012484975996922,0.0,0.0
0.0,0.0,0.0,0.6182078024230215,0.0,0.0,0.0,0.0,0.0,0.0,0.0,0.0,0.889945692315243,0.0,0.0
0.0,0.0,0.0,0.0,0.0,0.0,0.0,0.0,0.8840521953420124,0.0,0.0,0.0,0.0,0.0,0.9383614380463263
0.0,0.0,0.0,0.0,0.37164486159708154,0.0,0.20930670275502483,0.0,0.0,0.0,0.0,0.0,0.0,0.0,0.0
0.0,0.0,0.0,0.0,0.0,0.5666407423166838,0.0,0.0,0.9672573021944497,0.0,0.0,0.0,0.0,0.0,0.0
0.0,0.8846722015212676,0.0,0.0,0.0,0.0,0.0,0.0,0.0,0.0,0.0,0.0,0.0,0.3713859224733318,0.0
0.0,0.0,0.0,0.0,0.0,0.0,0.0,0.0,0.593681238850717,0.0,0.0,0.0,0.05725215254560956,0.0,0.0
0.0,0.0,0.784321757222713,0.0,0.0,0.0,0.0,0.0,0.047135676027959095,0.0,0.0,0.0,0.0,0.0,0.0
0.0,0.0,0.0,0.0,0.0,0.0,0.13808961201930692,0.0,0.0,0.0,0.0,0.7209847795539184,0.0,0.0,0.0
0.0,0.0,0.0,0.0,0.4354969143827786,0.0,0.0,0.0,0.13726622114987141,0.0,0.0,0.0,0.0,0.0,0.0
0.0,0.0,0.0,0.0,0.0,0.6295888035608631,0.0,0.0,0.026799391168693898,0.0,0.0,0.0,0.0,0.0,0.0
0.0,0.0,0.0,0.0,0.0,0.0,0.30828960408609163,0.0,0.0,0.0,0.0,0.0,0.12258666970103405,0.0,0.0
0.0,0.33116106321879857,0.0,0.0,0.0,0.0,0.0,0.0,0.3161038011245624,0.0,0.0,0.0,0.0,0.0,0.0
0.41994393738107605,0.0,0.0,0.0,0.0,0.0,0.0,0.0,0.0,0.0,0.0,0.07181159902819556,0.0,0.0,0.0
0.0,0.0,0.0,0.0,0.0,0.0,0.0,0.0,0.0,0.0,0.4630341009186423,0.0,0.1426987659796991,0.0,0.0
0.0,0.0,0.0,0.004853526678897602,0.0,0.0,0.0,0.0,0.0,0.0,0.11035090109029766,0.0,0.0,0.0,0.0
0.0,0.0,0.0,0.0,0.0,0.0,0.0,0.0,0.0,0.11148063566927235,0.0,0.0,0.9656666481067847,0.0,0.0
0.06519559764269545,0.0,0.0,0.0,0.0,0.23554927167629414,0.0,0.0,0.0,0.0,0.0,0.0,0.0,0.0,0.0
0.0,0.0,0.0,0.8314747690472886,0.0,0.0,0.0,0.25364564657482214,0.0,0.0,0.0,0.0,0.0,0.0,0.0
0.0,0.0,0.0,0.0,0.0,0.0,0.0,0.0,0.39966194219992845,0.0,0.0,0.0,0.0,0.7309315689905886,0.0
0.0,0.38304169114386355,0.0,0.0,0.8937599383325013,0.0,0.0,0.0,0.0,0.0,0.0,0.0,0.0,0.0,0.0
0.0,0.0,0.15201410472291443,0.5420469986695498,0.0,0.0,0.0,0.0,0.0,0.0,0.0,0.0,0.0,0.0,0.0
0.0,0.8764759273962891,0.0,0.0,0.0,0.0,0.0,0.0,0.0,0.0,0.0,0.4943612837355892,0.0,0.0,0.0
0.18109288030671156,0.19167310599754062,0.0,0.0,0.0,0.0,0.0,0.0,0.0,0.0,0.0,0.0,0.0,0.0,0.0
0.0,0.0,0.9394277632547842,0.0,0.0,0.0,0.0,0.0,0.0,0.0,0.0,0.0,0.0,0.894170400845126,0.0
0.0,0.0,0.0,0.0,0.0,0.0,0.0,0.0,0.0,0.0,0.0,0.6806295020447994,0.6910720492361679,0.0,0.0
0.0,0.0,0.9780133214884993,0.0,0.0,0.0,0.0,0.775342227367035,0.0,0.0,0.0,0.0,0.0,0.0,0.0
0.0,0.0,0.0,0.0,0.0,0.005579532793722919,0.0,0.0,0.0,0.0,0.0,0.0,0.0,0.0,0.5225287401950928
0.0,0.0,0.8108169746758624,0.0,0.0,0.0,0.0,0.0,0.0,0.45307529226301935,0.0,0.0,0.0,0.0,0.0
0.0,0.0,0.0,0.0,0.9759511099434408,0.0,0.0,0.0,0.0,0.0,0.0,0.0,0.0,0.6029209840372782,0.0
0.34045908945605474,0.0,0.0,0.0,0.0,0.0,0.0,0.0,0.0,0.0,0.0,0.0,0.5957726132282515,0.0,0.0
0.0,0.0,0.0,0.0,0.0,0.0,0.689728896066903,0.0,0.0,0.0,0.0,0.7362079768529703,0.0,0.0,0.0
0.0,0.0,0.0,0.0,0.0,0.0,0.8438670752479288,0.0,0.0,0.0,0.0,0.01093932258070096,0.0,0.0,0.0
0.0,0.0,0.0,0.0,0.0,0.0,0.0,0.0,0.0,0.0,0.8173620328882695,0.18773174058676878,0.0,0.0,0.0
0.19981868191678398,0.0,0.5322021347089422,0.0,0.0,0.0,0.0,0.0,0.0,0.0,0.0,0.0,0.0,0.0,0.0
0.5852784645978051,0.0,0.0,0.0,0.0,0.42878036664107544,0.0,0.0,0.0,0.0,0.0,0.0,0.0,0.0,0.0
0.0,0.0,0.0,0.7099100289643132,0.5664900236280545,0.0,0.0,0.0,0.0,0.0,0.0,0.0,0.0,0.0,0.0
0.0,0.0,0.0,0.0,0.9825361354875776,0.0,0.0,0.5633344073514763,0.0,0.0,0.0,0.0,0.0,0.0,0.0
0.0,0.0,0.0,0.0,0.0,0.0,0.9486430989095881,0.0,0.14493371863716542,0.0,0.0,0.0,0.0,0.0,0.0
0.0,0.7566222659649576,0.0,0.0,0.9644611093756644,0.0,0.0,0.0,0.0,0.0,0.0,0.0,0.0,0.0,0.0
0.0,0.0,0.0,0.0,0.0,0.0,0.0,0.0,0.0,0.0,0.0,0.5900695308514476,0.0,0.0,0.23709839187291115
0.0,0.0,0.0,0.0,0.0,0.0,0.5245532533380969,0.0,0.0,0.0,0.0,0.0,0.0,0.0,0.2766663874025619
0.0,0.0,0.0,0.0,0.0,0.0,0.0,0.0,0.0,0.12634673670116237,0.0,0.0,0.0,0.43146818751190197,0.0
0.0,0.0,0.0,0.0,0.0,0.0,0.0,0.8117574874706505,0.0,0.0,0.3953484603227114,0.0,0.0,0.0,0.0
0.0,0.0,0.0,0.0,0.663255413766619,0.971843571465627,0.0,0.0,0.0,0.0,0.0,0.0,0.0,0.0,0.0
0.0,0.0,0.0,0.0,0.0,0.0,0.0,0.4044855410538992,0.0,0.0,0.0,0.28495610792237114,0.0,0.0,0.0
0.0,0.0,0.0,0.0,0.0,0.0,0.0,0.0,0.0,0.1605551987279693,0.0,0.0,0.6553979351137317,0.0,0.0
0.0,0.0,0.0,0.0,0.0,0.2740370038491129,0.0,0.0,0.0,0.5008523406323235,0.0,0.0,0.0,0.0,0.0
0.0,0.0,0.0,0.9415341764517011,0.924062789272746,0.0,0.0,0.0,0.0,0.0,0.0,0.0,0.0,0.0,0.0
0.0,0.0,0.0,0.07564049684660257,0.0,0.0,0.0,0.0607045951258256,0.0,0.0,0.0,0.0,0.0,0.0,0.0
0.0,0.0,0.0,0.0,0.0,0.0,0.11959947943089089,0.0,0.0,0.0,0.0,0.0,0.0,0.8899473884949755,0.0
0.0,0.0,0.36270208736231924,0.0,0.0,0.0,0.2877663080472942,0.0,0.0,0.0,0.0,0.0,0.0,0.0,0.0
0.0,0.0,0.0,0.0,0.0,0.0,0.0,0.0,0.2887526786648783,0.0,0.0,0.33413232467093523,0.0,0.0,0.0
0.0,0.0,0.0,0.0,0.0,0.2602040710765037,0.0,0.05808487142695751,0.0,0.0,0.0,0.0,0.0,0.0,0.0
0.0,0.0,0.8152017110535302,0.0,0.005566938046758008,0.0,0.0,0.0,0.0,0.0,0.0,0.0,0.0,0.0,0.0
0.0,0.910203498626207,0.0,0.0,0.0,0.0,0.0,0.0,0.0,0.0,0.0,0.0,0.9016900539877312,0.0,0.0
0.0,0.0,0.0,0.011608092877786191,0.0,0.6530521979161744,0.0,0.0,0.0,0.0,0.0,0.0,0.0,0.0,0.0
0.617009197984913,0.0,0.0,0.0,0.0,0.5082603291096814,0.0,0.0,0.0,0.0,0.0,0.0,0.0,0.0,0.0
0.0,0.0,0.0,0.0,0.0,0.38487147693331847,0.0,0.0,0.0,0.0,0.0,0.0,0.0,0.41129370070358606,0.0
0.0,0.0,0.0,0.0,0.0,0.5909688190467729,0.0,0.0,0.0,0.0,0.0,0.20613294624361755,0.0,0.0,0.0
0.0,0.0,0.8312981709857988,0.0,0.0,0.0,0.0,0.0,0.0,0.0,0.0,0.1680355567625561,0.0,0.0,0.0
0.0,0.8561763398332556,0.0,0.0,0.0,0.0,0.0,0.0,0.0,0.0,0.0,0.0,0.7838565387599067,0.0,0.0
0.0,0.0,0.0,0.0,0.0,0.0,0.0,0.0,0.0,0.0,0.0,0.5757089560768751,0.9252754092730593,0.0,0.0
0.0,0.0,0.25813011539477393,0.0,0.0,0.0,0.0,0.0,0.0,0.0,0.0,0.2377662972280693,0.0,0.0,0.0
0.0,0.0,0.0,0.8433979543240401,0.0,0.0,0.5197442012672656,0.0,0.0,0.0,0.0,0.0,0.0,0.0,0.0
0.0,0.0,0.0,0.0,0.0,0.27155141750415135,0.0,0.0,0.0,0.8458845423300214,0.0,0.0,0.0,0.0,0.0
0.0,0.0,0.0,0.0,0.0,0.0,0.0,0.0,0.0,0.0,0.0,0.21125940653715436,0.0,0.0,0.7376238554086775
0.0,0.0,0.0,0.0,0.0,0.0,0.0,0.0,0.10147958215501718,0.0,0.0,0.2753325130739812,0.0,0.0,0.0
0.0,0.0,0.0,0.0,0.0,0.0,0.0,0.5857293683538057,0.0,0.0,0.0,0.0,0.0,0.33361512821990125,0.0
0.0,0.0,0.0,0.0,0.4630682691571467,0.0,0.0,0.0,0.0,0.0,0.0,0.0,0.0,0.0,0.39909891314606927
0.0,0.0,0.0,0.0,0.0,0.0,0.0,0.0,0.0,0.0,0.0,0.0,0.6462976090162676,0.267241460345536,0.0
0.15809125790973788,0.0,0.0,0.0,0.0,0.21575955984297146,0.0,0.0,0.0,0.0,0.0,0.0,0.0,0.0,0.0
0.0,0.0,0.0,0.0,0.0,0.0,0.0,0.0,0.0,0.0,0.20892947200777445,0.0,0.18075953177271475,0.0,0.0
0.0,0.0,0.0,0.0,0.0,0.9556249728105544,0.0,0.0,0.0,0.0,0.0,0.0,0.0,0.0,0.8040526358334641
0.0,0.0,0.0,0.0,0.0,0.0,0.0,0.0,0.0,0.0,0.9148890419280987,0.0,0.6523379140814994,0.0,0.0
0.0,0.03152261609925755,0.0,0.0,0.0,0.0,0.0,0.0,0.0,0.0,0.0,0.0,0.0,0.0,0.5975296436066502
0.5035212635345505,0.0,0.0,0.0,0.0,0.0,0.0,0.0,0.79624885624158,0.0,0.0,0.0,0.0,0.0,0.0
0.0,0.4643343441812382,0.0,0.7554555788557313,0.0,0.0,0.0,0.0,0.0,0.0,0.0,0.0,0.0,0.0,0.0
0.0,0.9696859252212157,0.0,0.0,0.0,0.5027162095920095,0.0,0.0,0.0,0.0,0.0,0.0,0.0,0.0,0.0
0.0,0.0,0.0,0.0,0.0,0.5728242095459747,0.0,0.44087130433787325,0.0,0.0,0.0,0.0,0.0,0.0,0.0
0.0,0.0,0.0,0.0,0.0,0.0,0.0,0.0,0.3737602299428765,0.0,0.0,0.0,0.0,0.05621874642273128,0.0
0.0,0.0,0.0,0.0,0.5852502497382426,0.0,0.1392996739647947,0.0,0.0,0.0,0.0,0.0,0.0,0.0,0.0
0.0,0.0,0.9879217602280264,0.0,0.0,0.0,0.4613364448612157,0.0,0.0,0.0,0.0,0.0,0.0,0.0,0.0
0.0,0.0,0.0,0.0,0.0,0.789160030956033,0.0,0.0,0.0,0.0,0.0,0.36905856339842935,0.0,0.0,0.0
0.0,0.0,0.0,0.1419659497308844,0.0,0.3515754733079164,0.0,0.0,0.0,0.0,0.0,0.0,0.0,0.0,0.0
0.890716350657737,0.0,0.0,0.0,0.0,0.4582660009664298,0.0,0.0,0.0,0.0,0.0,0.0,0.0,0.0,0.0
0.0,0.5188481072511629,0.0,0.0,0.0,0.0,0.0,0.0,0.9591053274239879,0.0,0.0,0.0,0.0,0.0,0.0
0.0,0.0,0.0,0.0,0.0,0.0,0.0,0.0,0.692405625218265,0.4286238622863021,0.0,0.0,0.0,0.0,0.0
0.0,0.0,0.0,0.0,0.0,0.0,0.0,0.0,0.0,0.0,0.0,0.0,0.0,0.9519385735138135,0.9435457986852992
0.44936754425736924,0.0,0.0,0.0,0.0,0.0,0.6847505341913507,0.0,0.0,0.0,0.0,0.0,0.0,0.0,0.0
0.0,0.34874766756357534,0.0,0.0,0.0,0.0,0.0,0.0,0.0,0.0,0.0,0.0,0.0,0.0,0.24096238589242236
0.0,0.0,0.0,0.0,0.3230239266194116,0.0,0.0,0.0,0.0,0.0,0.0,0.0,0.43327345862897226,0.0,0.0
0.5058304298297795,0.0,0.0,0.0,0.0,0.0,0.05821607659429173,0.0,0.0,0.0,0.0,0.0,0.0,0.0,0.0
0.0,0.0,0.0,0.0,0.0,0.0,0.0,0.0,0.0,0.06865557048835746,0.0,0.0,0.0,0.0,0.18275273970871475
0.0,0.34995337870352083,0.0,0.43487470317000354,0.0,0.0,0.0,0.0,0.0,0.0,0.0,0.0,0.0,0.0,0.0
0.0,0.0,0.0,0.0,0.0,0.4452656168626299,0.0,0.0,0.0,0.0,0.0,0.0,0.9336712840898361,0.0,0.0
0.0,0.0,0.8994768018636409,0.0,0.0,0.0,0.0,0.0,0.0,0.0,0.5163468442739357,0.0,0.0,0.0,0.0
0.0,0.0,0.0,0.0,0.0,0.0,0.0,0.17733303653707277,0.7130698390837515,0.0,0.0,0.0,0.0,0.0,0.0
0.0,0.0,0.0,0.0,0.5075538724578925,0.0,0.06179311563099976,0.0,0.0,0.0,0.0,0.0,0.0,0.0,0.0
0.0,0.0,0.0,0.4810589466945976,0.0,0.0,0.0,0.0,0.0,0.0,0.0,0.0,0.24423840954984866,0.0,0.0
0.0,0.0,0.0,0.0,0.0,0.0,0.0,0.0,0.0,0.42438743797409206,0.0,0.0,0.0,0.825021470369146,0.0
0.0,0.0,0.0,0.0,0.0,0.0,0.0,0.0,0.5522914822453617,0.275440739712823,0.0,0.0,0.0,0.0,0.0
0.11438791380177926,0.0,0.0,0.0,0.2945948531027809,0.0,0.0,0.0,0.0,0.0,0.0,0.0,0.0,0.0,0.0
0.0,0.0,0.0,0.0,0.0,0.4262131961335861,0.0,0.0,0.0,0.0,0.7415074585609398,0.0,0.0,0.0,0.0
0.0,0.0,0.0,0.0,0.0,0.0,0.0,0.0,0.0,0.0,0.44830980333123527,0.0,0.9269426730162551,0.0,0.0
0.0,0.0,0.0,0.0,0.0,0.0,0.0,0.783172848178189,0.0,0.0,0.0,0.0,0.5614119484566412,0.0,0.0
0.0,0.0,0.0,0.0,0.0,0.0,0.4433556587037498,0.285471411481085,0.0,0.0,0.0,0.0,0.0,0.0,0.0
0.0,0.24222066066039583,0.0,0.0,0.0,0.0,0.0,0.0,0.0,0.0,0.0,0.0,0.0,0.06896187996770808,0.0
0.0,0.0,0.7667783238427082,0.0,0.0,0.0,0.0,0.0,0.0,0.9333124061560479,0.0,0.0,0.0,0.0,0.0
0.0,0.9530415417440283,0.0,0.0,0.0,0.0,0.9165123422802385,0.0,0.0,0.0,0.0,0.0,0.0,0.0,0.0
0.0,0.0,0.5480794355870195,0.0,0.0,0.0,0.0,0.0,0.14066885920242633,0.0,0.0,0.0,0.0,0.0,0.0
0.0,0.0,0.0,0.0,0.0,0.0,0.0,0.0,0.0,0.0,0.0,0.0,0.8082528427725969,0.2672822844151663,0.0
0.0,0.3195277673475676,0.0,0.0,0.0,0.0,0.0,0.0,0.0,0.0,0.0,0.0,0.0,0.0,0.7591262995693426
0.0,0.0,0.0,0.0,0.6448309909499267,0.0,0.8237000390063033,0.0,0.0,0.0,0.0,0.0,0.0,0.0,0.0
0.0,0.0,0.0,0.0,0.0,0.0,0.3042589269532112,0.0,0.0,0.0,0.0,0.35682385526876015,0.0,0.0,0.0
0.0,0.0,0.0,0.0,0.0,0.0,0.0,0.0,0.0,0.0,0.0,0.3220824999297375,0.0,0.0,0.40715831652285717
0.0,0.8446359962776211,0.0,0.0,0.5058129834631058,0.0,0.0,0.0,0.0,0.0,0.0,0.0,0.0,0.0,0.0
0.0,0.0,0.0,0.0,0.9049179957645123,0.0,0.0,0.0,0.0,0.0,0.0,0.0,0.16417002537700875,0.0,0.0
0.0,0.0,0.0,0.8179277092062717,0.0,0.0,0.0,0.0,0.0,0.0,0.0,0.8474663871609348,0.0,0.0,0.0
0.7302029256499742,0.0,0.0,0.0,0.34962760988766983,0.0,0.0,0.0,0.0,0.0,0.0,0.0,0.0,0.0,0.0
0.0,0.0,0.0,0.0,0.0,0.0,0.0,0.0,0.0,0.0,0.0,0.0,0.25161623624507,0.0,0.7078464702857005
0.0,0.0,0.0,0.8260781796231692,0.0,0.0,0.0,0.0,0.0,0.7159662635057684,0.0,0.0,0.0,0.0,0.0
0.0,0.0,0.0,0.0,0.0,0.0,0.0,0.0,0.0,0.0,0.0,0.8404833550423312,0.045519002791965635,0.0,0.0
0.15836822927783167,0.19931838320958928,0.0,0.0,0.0,0.0,0.0,0.0,0.0,0.0,0.0,0.0,0.0,0.0,0.0
0.0,0.0,0.0,0.0,0.0,0.0,0.27402381019940747,0.7356901731942315,0.0,0.0,0.0,0.0,0.0,0.0,0.0
0.0,0.0,0.0,0.0,0.2797650321574888,0.0,0.0,0.13730619652852927,0.0,0.0,0.0,0.0,0.0,0.0,0.0
0.0,0.0,0.6899778574064607,0.0,0.0,0.0,0.0,0.14587303314755196,0.0,0.0,0.0,0.0,0.0,0.0,0.0
0.0,0.0,0.0,0.0,0.0,0.0,0.0,0.0,0.0,0.0,0.5045600598697361,0.459417850524352,0.0,0.0,0.0
0.0,0.0,0.0,0.0,0.9902533692945975,0.0,0.0,0.0,0.0,0.0,0.0,0.0,0.0,0.25024056026137687,0.0
0.0,0.0,0.0,0.9715720935165001,0.0,0.0,0.0,0.0,0.0,0.0,0.0,0.0,0.0,0.5168440590766363,0.0
0.0,0.0,0.022899188281188976,0.0,0.0,0.8104574252383435,0.0,0.0,0.0,0.0,0.0,0.0,0.0,0.0,0.0
0.0,0.1714926340037397,0.0,0.0,0.8632007000690686,0.0,0.0,0.0,0.0,0.0,0.0,0.0,0.0,0.0,0.0
0.900837424554047,0.0,0.34636966596448526,0.0,0.0,0.0,0.0,0.0,0.0,0.0,0.0,0.0,0.0,0.0,0.0
0.0,0.3996445446497303,0.0,0.0,0.0,0.0,0.0,0.0,0.8845767557354702,0.0,0.0,0.0,0.0,0.0,0.0
0.4528335482212432,0.0,0.0,0.0,0.0,0.0,0.0,0.9362666396530585,0.0,0.0,0.0,0.0,0.0,0.0,0.0
0.0,0.0,0.0,0.0,0.0,0.0,0.6410176273020278,0.6864705194588735,0.0,0.0,0.0,0.0,0.0,0.0,0.0
0.0,0.0,0.0,0.0,0.0,0.5907298013614235,0.0,0.0,0.0,0.0,0.0,0.0,0.0,0.0,0.3477999924755426
0.0,0.0,0.0,0.0,0.0,0.0,0.9262658417939267,0.0,0.7601686387735628,0.0,0.0,0.0,0.0,0.0,0.0
0.0,0.0,0.0,0.0,0.0,0.9479965712483687,0.0,0.0,0.14207042966965178,0.0,0.0,0.0,0.0,0.0,0.0
0.9230684123501102,0.0,0.0,0.764275281767629,0.0,0.0,0.0,0.0,0.0,0.0,0.0,0.0,0.0,0.0,0.0
0.0,0.0,0.0,0.0,0.0,0.0,0.0,0.0,0.13241312104526037,0.0,0.0,0.3176505231949529,0.0,0.0,0.0
0.0,0.0,0.0,0.0,0.220313586739313,0.0,0.0,0.0,0.0,0.20235122036090714,0.0,0.0,0.0,0.0,0.0
0.0,0.13150015182661767,0.0,0.0,0.0,0.0,0.0,0.26707419962420464,0.0,0.0,0.0,0.0,0.0,0.0,0.0
0.0,0.0,0.0,0.027600716902814404,0.0,0.0,0.0,0.0,0.0,0.0,0.0,0.0,0.28397902593571067,0.0,0.0
0.0,0.0,0.0,0.0,0.0,0.0,0.0,0.0,0.8581418804255854,0.0,0.5272675060437509,0.0,0.0,0.0,0.0
0.0,0.0,0.0,0.0,0.0,0.0,0.0,0.0,0.0,0.0,0.32467106123407574,0.0,0.6966398271568218,0.0,0.0
0.0,0.0,0.4120820679636509,0.0,0.0,0.0,0.0,0.0,0.0,0.0,0.0,0.0,0.0,0.0,0.8126424760688469
0.0,0.9614805076517394,0.0,0.0,0.0,0.0,0.0,0.0,0.0,0.0,0.7964199986016948,0.0,0.0,0.0,0.0
0.0,0.0,0.0,0.0,0.0,0.553575527581871,0.0,0.0,0.0,0.0,0.0,0.0,0.0,0.0,0.6405516214934939
0.0,0.0,0.0,0.0,0.9757823675984669,0.3700373102229033,0.0,0.0,0.0,0.0,0.0,0.0,0.0,0.0,0.0
0.0,0.0,0.0,0.0,0.0,0.6098897150097106,0.0,0.0,0.0,0.0,0.0,0.0,0.739484083898622,0.0,0.0
0.5860958084491795,0.0,0.0,0.0,0.0,0.0,0.0,0.0,0.0,0.3826333792040275,0.0,0.0,0.0,0.0,0.0
0.0,0.7934336959572607,0.0,0.0,0.0,0.5098070980463827,0.0,0.0,0.0,0.0,0.0,0.0,0.0,0.0,0.0
0.0,0.0,0.0,0.0,0.0,0.0,0.8636881400022776,0.0,0.0,0.605325362956772,0.0,0.0,0.0,0.0,0.0
0.0,0.0,0.0,0.0,0.0,0.0,0.2605303127441081,0.0,0.0,0.5541652779470356,0.0,0.0,0.0,0.0,0.0
0.0,0.0,0.0,0.0,0.2469514900121882,0.0,0.0,0.0,0.0,0.8799512673232155,0.0,0.0,0.0,0.0,0.0
0.0,0.39314291500611676,0.0,0.0,0.0,0.0,0.0,0.0,0.434765334792221,0.0,0.0,0.0,0.0,0.0,0.0
0.6768301204986684,0.0,0.0,0.0,0.0,0.0,0.0,0.0,0.0,0.0,0.7515485125469734,0.0,0.0,0.0,0.0
0.7884854652414598,0.0,0.0,0.0,0.0,0.0,0.0,0.0,0.0,0.0,0.0,0.0,0.3460624401636717,0.0,0.0
0.8267662774362216,0.0,0.0,0.0,0.0,0.781059501273417,0.0,0.0,0.0,0.0,0.0,0.0,0.0,0.0,0.0
0.0,0.4092564637149435,0.0,0.0,0.0,0.0,0.0,0.0,0.0,0.0,0.0,0.0,0.0,0.8503155044051794,0.0
0.9745947485981161,0.0,0.0,0.0,0.0,0.557150695306722,0.0,0.0,0.0,0.0,0.0,0.0,0.0,0.0,0.0
0.0,0.0,0.0,0.0,0.0,0.0,0.0,0.7133896688028601,0.0,0.0,0.7745191665638925,0.0,0.0,0.0,0.0
0.0,0.0,0.0,0.0,0.0,0.0,0.0,0.0,0.8717146647363313,0.0,0.0,0.4345188689094093,0.0,0.0,0.0
0.0,0.0,0.0,0.9437865847238166,0.0,0.0,0.14958042376085645,0.0,0.0,0.0,0.0,0.0,0.0,0.0,0.0
0.0,0.0,0.0,0.0,0.0,0.0,0.0,0.540711932951801,0.0,0.0,0.8583804624264604,0.0,0.0,0.0,0.0
0.0,0.0,0.0,0.0,0.0,0.612568986538851,0.0,0.0,0.0,0.0,0.0,0.0,0.0,0.12107155868487074,0.0
0.0,0.0,0.0,0.0,0.0,0.0,0.0,0.0,0.0,0.6541139551359977,0.45691095405816795,0.0,0.0,0.0,0.0
0.0,0.0,0.0,0.5551162985085146,0.0,0.0,0.0,0.0,0.0,0.0,0.0,0.0,0.0,0.0,0.37490233297543607
0.0,0.0,0.029021029215738015,0.0,0.0,0.0,0.0,0.0,0.0,0.0,0.0,0.43968201792477735,0.0,0.0,0.0
0.0,0.0,0.4151914971566152,0.0,0.0,0.0,0.0,0.0,0.0,0.0,0.0,0.0,0.28117397563295154,0.0,0.0
0.0,0.0,0.0,0.0,0.0,0.0,0.0,0.0,0.0,0.0,0.03174039988746935,0.9040692447341904,0.0,0.0,0.0
0.0,0.0,0.18662905910069494,0.0,0.0,0.0,0.0,0.0,0.0,0.0,0.0,0.0,0.36712113949492087,0.0,0.0
0.0,0.9010788744686532,0.0,0.0,0.0,0.0,0.0,0.0,0.0,0.0,0.8770402620602055,0.0,0.0,0.0,0.0
0.0,0.0,0.0,0.0,0.0,0.0,0.0900771453409418,0.0,0.0,0.0,0.0,0.0,0.0,0.2773101992089354,0.0
0.0,0.0,0.0,0.0,0.0,0.0,0.6032205941393043,0.0,0.0,0.37727092680713104,0.0,0.0,0.0,0.0,0.0
0.0,0.1735012062241753,0.0,0.0,0.0,0.0,0.0,0.07140189410709452,0.0,0.0,0.0,0.0,0.0,0.0,0.0
0.0,0.0,0.0,0.0,0.0,0.0,0.0,0.0,0.0,0.4033686589272758,0.0,0.0,0.0,0.0,0.7749701077302289
0.0,0.0,0.0,0.0,0.0,0.7315857829990764,0.0,0.0,0.0,0.0,0.0,0.0,0.0,0.0,0.7178025723310189
0.0,0.0,0.0,0.2091344325505623,0.0,0.0,0.0,0.0,0.0,0.23757479763048028,0.0,0.0,0.0,0.0,0.0
0.0,0.0,0.0,0.0,0.0,0.0,0.0,0.31394540723382725,0.3588391652258869,0.0,0.0,0.0,0.0,0.0,0.0
0.0,0.0,0.0,0.0,0.0,0.0,0.0,0.0,0.0,0.0,0.0,0.22120229185825124,0.7561650952840095,0.0,0.0
0.0,0.0,0.0,0.0,0.0,0.3774012125181534,0.0,0.6356770082811974,0.0,0.0,0.0,0.0,0.0,0.0,0.0
0.0,0.0,0.0,0.0,0.7435901724598859,0.0,0.0,0.0,0.0,0.0,0.8037754949990438,0.0,0.0,0.0,0.0
0.0,0.19045162067633725,0.0,0.0,0.0,0.0,0.0,0.0,0.0,0.0,0.0,0.0,0.9545855598445407,0.0,0.0
0.0,0.3667131323512757,0.0,0.0,0.0,0.0,0.0,0.0,0.49500294487548857,0.0,0.0,0.0,0.0,0.0,0.0
0.0,0.0,0.0,0.9875829320261383,0.0,0.0,0.0,0.0,0.0,0.0,0.0,0.697006507281475,0.0,0.0,0.0
0.0,0.0,0.0,0.0,0.0,0.0,0.1004622269495482,0.0,0.0,0.0,0.0,0.24934367408509606,0.0,0.0,0.0
0.0,0.0,0.0,0.0,0.0,0.0,0.34270917162610803,0.0,0.0,0.0,0.0,0.7773928299917201,0.0,0.0,0.0
0.0,0.0,0.0,0.0,0.0,0.0,0.0,0.08379641602074717,0.0,0.0,0.75128915139289,0.0,0.0,0.0,0.0
0.0,0.0,0.0,0.0,0.0,0.0,0.0,0.241469487345778,0.0,0.0,0.0,0.0,0.0,0.7207759146203053,0.0
0.0,0.0,0.0,0.0,0.7496752510644438,0.0,0.0,0.0,0.0,0.0,0.2730199912532151,0.0,0.0,0.0,0.0
0.0,0.0,0.0,0.0,0.0,0.8590892889307914,0.0,0.0,0.0,0.0,0.0,0.0,0.9870879154008054,0.0,0.0
0.0,0.5501532157862205,0.0,0.0,0.0,0.0,0.0,0.0,0.03975416270238352,0.0,0.0,0.0,0.0,0.0,0.0
0.0,0.0,0.0,0.0,0.0,0.0,0.0,0.0,0.0,0.8340252851186344,0.601217467051854,0.0,0.0,0.0,0.0
0.0,0.0,0.0,0.0,0.0,0.0,0.9966323614305125,0.0,0.0,0.24511425238422957,0.0,0.0,0.0,0.0,0.0
0.0,0.0,0.27391410944404004,0.0,0.5440985845284287,0.0,0.0,0.0,0.0,0.0,0.0,0.0,0.0,0.0,0.0
0.0,0.0,0.0,0.0,0.0,0.0,0.0,0.4382580080043811,0.0,0.0,0.0,0.35598464173135635,0.0,0.0,0.0
0.0,0.0,0.0,0.0,0.0,0.0,0.7895646321406926,0.0,0.0,0.0,0.0,0.0,0.0,0.0,0.9483278549429011
0.0,0.0,0.0,0.0,0.0,0.0,0.0,0.7472447360209831,0.0,0.0,0.0,0.859068284178688,0.0,0.0,0.0
0.0,0.0,0.0,0.9852352600391403,0.0,0.0,0.0,0.0,0.0,0.0,0.0,0.0,0.41685181722846243,0.0,0.0
0.0,0.0,0.0,0.0,0.5615019875727321,0.0,0.0,0.0,0.0,0.0,0.0,0.3405296665171632,0.0,0.0,0.0
0.0,0.0,0.0,0.0,0.0,0.0,0.0,0.1491605801534921,0.0,0.0,0.0,0.0,0.922907526704966,0.0,0.0
0.0,0.0,0.0,0.0,0.0,0.940420222107746,0.0,0.0,0.0,0.06259967822410784,0.0,0.0,0.0,0.0,0.0
0.0,0.0,0.0,0.0,0.0,0.9086379370680112,0.0,0.0,0.0,0.0,0.0,0.0,0.0,0.0,0.45437896460398564
0.12252732985175119,0.0,0.0,0.0,0.0,0.0,0.0,0.6537245312334061,0.0,0.0,0.0,0.0,0.0,0.0,0.0
0.0,0.0,0.8783987223891571,0.5988206232844379,0.0,0.0,0.0,0.0,0.0,0.0,0.0,0.0,0.0,0.0,0.0
0.0,0.0,0.0,0.0,0.7335315082023487,0.8714711604130406,0.0,0.0,0.0,0.0,0.0,0.0,0.0,0.0,0.0
0.0,0.0,0.0,0.0,0.0,0.0,0.0,0.0,0.0,0.0,0.8711655502794875,0.0,0.0,0.9985078516723437,0.0
0.0,0.0,0.2353298153314386,0.0,0.0,0.0,0.0,0.0,0.0,0.5728498494450918,0.0,0.0,0.0,0.0,0.0
0.0,0.0,0.0,0.0,0.0,0.0,0.0,0.14572194392856697,0.0,0.0,0.0,0.0,0.49152903218856536,0.0,0.0
0.0,0.0,0.0,0.0,0.0,0.0,0.0,0.0,0.0,0.033055101446272106,0.43401679759896283,0.0,0.0,0.0,0.0
0.0,0.0,0.0,0.0,0.9509083874682226,0.0,0.0,0.0,0.0,0.0,0.35386607686487204,0.0,0.0,0.0,0.0
0.0,0.8379083806933506,0.4282619464555045,0.0,0.0,0.0,0.0,0.0,0.0,0.0,0.0,0.0,0.0,0.0,0.0
0.07705907429570502,0.0,0.0,0.0,0.0,0.0,0.0,0.0,0.0,0.7900938308630608,0.0,0.0,0.0,0.0,0.0
0.0,0.4777522873583825,0.8385169450198943,0.0,0.0,0.0,0.0,0.0,0.0,0.0,0.0,0.0,0.0,0.0,0.0
0.0,0.0,0.0,0.300403621165785,0.0,0.7965264337271781,0.0,0.0,0.0,0.0,0.0,0.0,0.0,0.0,0.0
0.0,0.0,0.0,0.5367212487961088,0.0,0.0,0.0,0.0,0.0,0.0,0.0,0.0,0.0,0.6488423937734754,0.0
0.0,0.0,0.0,0.0,0.0,0.0,0.0,0.0,0.0,0.0,0.20691394560384568,0.7228713680599165,0.0,0.0,0.0
0.0,0.0,0.0,0.0,0.5294779992232943,0.0,0.0,0.0,0.0,0.5649907106130752,0.0,0.0,0.0,0.0,0.0
0.0,0.0,0.0,0.0,0.0,0.0,0.0,0.0,0.0,0.0,0.0,0.43264125847095003,0.0,0.7997467666075027,0.0
0.0,0.0,0.0,0.0,0.0,0.0,0.0,0.7555739054548681,0.0,0.0,0.0,0.0,0.0,0.0,0.1589963155400772
0.0,0.0,0.0,0.0,0.27146410579495184,0.0,0.0,0.0,0.0,0.0,0.43063039268549397,0.0,0.0,0.0,0.0
0.0,0.0,0.0,0.0,0.0,0.0,0.0,0.33516251821926135,0.0,0.0,0.0,0.8156284274636271,0.0,0.0,0.0
0.0,0.0,0.0,0.0,0.0,0.0,0.814992328724618,0.3586696587385013,0.0,0.0,0.0,0.0,0.0,0.0,0.0
0.5016858591769755,0.0,0.0,0.0,0.0,0.0,0.0,0.0,0.0,0.0,0.0,0.5342232706498975,0.0,0.0,0.0
0.0,0.0,0.0,0.0,0.0,0.0,0.0,0.0,0.7519174704390226,0.0,0.0,0.7041401737810555,0.0,0.0,0.0
0.0,0.0,0.0,0.0,0.0,0.0,0.3416527585994438,0.6957296971748742,0.0,0.0,0.0,0.0,0.0,0.0,0.0
0.0,0.0,0.0,0.0,0.0,0.0,0.45509866163657964,0.0,0.0,0.0,0.0,0.0,0.0,0.0,0.17637453821851945
0.0,0.0,0.7616282307407866,0.0,0.0,0.0,0.0,0.0,0.0,0.0,0.0,0.6318323814649708,0.0,0.0,0.0
0.17854035162828963,0.5483304002781796,0.0,0.0,0.0,0.0,0.0,0.0,0.0,0.0,0.0,0.0,0.0,0.0,0.0
0.0,0.0,0.0,0.035408366321175055,0.0,0.0,0.0,0.0,0.0,0.0,0.0,0.8929712727379794,0.0,0.0,0.0
0.0,0.0,0.0,0.0,0.0,0.0,0.0,0.9673499480894409,0.0,0.0,0.0,0.0,0.0,0.01136332057262257,0.0
0.0,0.0,0.0,0.0,0.0,0.0,0.059565993437731835,0.9964707273499482,0.0,0.0,0.0,0.0,0.0,0.0,0.0
0.7130761355500009,0.0,0.0,0.0,0.36404968001661375,0.0,0.0,0.0,0.0,0.0,0.0,0.0,0.0,0.0,0.0
0.0,0.22936518300960984,0.0,0.0,0.0,0.0,0.0,0.0,0.0,0.0,0.9474370158233675,0.0,0.0,0.0,0.0
0.0,0.0,0.0,0.9128399465325344,0.467759203559176,0.0,0.0,0.0,0.0,0.0,0.0,0.0,0.0,0.0,0.0
0.0,0.0,0.0,0.0,0.0,0.19030712865947652,0.0,0.0,0.0,0.35313353704790507,0.0,0.0,0.0,0.0,0.0
0.6062521575903742,0.0,0.0,0.0,0.0,0.0,0.0,0.0,0.0,0.0,0.9236278146443094,0.0,0.0,0.0,0.0
0.0,0.0,0.0,0.10847295307463367,0.0,0.0,0.0,0.0,0.0,0.0,0.0,0.0,0.0,0.8925252107796541,0.0
0.0,0.06926649261914564,0.0,0.0,0.0,0.0,0.0,0.0,0.0,0.0,0.796886218996491,0.0,0.0,0.0,0.0
0.0,0.0,0.0,0.0,0.0,0.7862459093844023,0.0,0.0,0.0,0.0,0.0,0.0,0.06961739016661783,0.0,0.0
0.18033247464416957,0.0,0.0,0.0,0.0,0.0,0.0,0.0,0.0,0.0,0.0,0.0,0.0,0.0,0.3642629514246777
0.0,0.0,0.061963716632708166,0.0,0.0,0.0,0.0,0.8938397786169806,0.0,0.0,0.0,0.0,0.0,0.0,0.0
0.0,0.0,0.0,0.0,0.0,0.0,0.0,0.9336247389441664,0.0,0.0,0.05324580499937981,0.0,0.0,0.0,0.0
0.0,0.0,0.0,0.7051472101634357,0.0,0.0,0.0,0.0,0.0,0.7812946894511278,0.0,0.0,0.0,0.0,0.0
0.0,0.6066557067528936,0.0,0.0,0.0,0.0,0.0,0.0,0.8415028236346568,0.0,0.0,0.0,0.0,0.0,0.0
0.0,0.0,0.0,0.0,0.4184020875713481,0.0,0.0,0.0,0.0,0.0,0.0,0.8760117980681457,0.0,0.0,0.0
0.0,0.0,0.3079338886296775,0.0,0.0,0.0,0.07726295245404557,0.0,0.0,0.0,0.0,0.0,0.0,0.0,0.0
0.0,0.0,0.0,0.7642903646238521,0.0,0.0,0.5966889635166412,0.0,0.0,0.0,0.0,0.0,0.0,0.0,0.0
0.0,0.0,0.0,0.0,0.0,0.7134816317731217,0.0,0.0,0.7727823386344115,0.0,0.0,0.0,0.0,0.0,0.0
0.0,0.4177789638830701,0.0,0.0,0.0,0.0,0.0,0.0,0.0,0.0,0.0,0.7359615355323585,0.0,0.0,0.0
0.0,0.0,0.0,0.0,0.0,0.0,0.0,0.0,0.0,0.0,0.0,0.0,0.7734106166000712,0.9177960478426785,0.0
0.0,0.4798213037033028,0.0,0.0,0.0,0.0,0.0,0.0,0.0,0.0,0.0,0.0,0.12472778498383497,0.0,0.0
0.0,0.0,0.0,0.0,0.0,0.0,0.2111450248478567,0.0,0.0,0.0,0.0,0.0,0.0,0.0,0.7212641338498439
0.0,0.22378586474098716,0.0,0.0,0.0,0.0,0.0,0.0,0.0,0.0,0.0,0.0,0.0,0.0,0.8609431865252806
0.0,0.0,0.0,0.0,0.14491633843205554,0.0,0.0,0.0986369712043782,0.0,0.0,0.0,0.0,0.0,0.0,0.0
0.4139452189635061,0.6478469798769192,0.0,0.0,0.0,0.0,0.0,0.0,0.0,0.0,0.0,0.0,0.0,0.0,0.0
0.0,0.751414852814289,0.0,0.0,0.0,0.0,0.0,0.0,0.0,0.0,0.0,0.2768582134622751,0.0,0.0,0.0
0.0,0.0,0.0,0.0,0.0,0.0,0.0,0.7754750460109379,0.0,0.0,0.0,0.0,0.0,0.0,0.9432576135153617
0.0,0.6888414844000761,0.0,0.41053140629986773,0.0,0.0,0.0,0.0,0.0,0.0,0.0,0.0,0.0,0.0,0.0
0.0,0.0,0.0,0.591611388621536,0.0,0.04512853415926865,0.0,0.0,0.0,0.0,0.0,0.0,0.0,0.0,0.0
0.0,0.0,0.0,0.0,0.0,0.0,0.0,0.0,0.0,0.6007716837299659,0.0,0.6931133539891532,0.0,0.0,0.0
0.0,0.0,0.0,0.5478371818144532,0.0,0.0,0.0,0.0,0.8337146851805828,0.0,0.0,0.0,0.0,0.0,0.0
0.0,0.0,0.0,0.0,0.0,0.0,0.8181072727093046,0.0,0.0,0.11181411308915201,0.0,0.0,0.0,0.0,0.0
0.0,0.0,0.0,0.2470658837885683,0.0,0.0,0.0225771047750023,0.0,0.0,0.0,0.0,0.0,0.0,0.0,0.0
0.0,0.0,0.6816207697797046,0.0,0.0,0.0,0.0,0.0,0.0,0.0,0.0,0.0,0.3383934649246336,0.0,0.0
0.0,0.0,0.0,0.0,0.0,0.0,0.0,0.6932061236945866,0.0,0.0,0.577752836882867,0.0,0.0,0.0,0.0
0.0,0.0,0.0,0.0,0.0,0.7252019555984419,0.0,0.0,0.0,0.0,0.0,0.0,0.0,0.13754796516252854,0.0
0.0,0.0,0.0,0.0,0.0,0.0,0.0,0.8536427219560846,0.0,0.3750063884876502,0.0,0.0,0.0,0.0,0.0
0.0,0.0,0.0,0.0,0.0,0.0,0.0,0.0,0.0,0.0,0.004921268580429405,0.0,0.0,0.0,0.009085255581346208
0.0,0.0,0.0,0.0,0.0,0.0,0.0,0.615207856833181,0.3977542890201121,0.0,0.0,0.0,0.0,0.0,0.0
0.5889344205377193,0.0,0.0,0.0,0.0,0.0,0.8777038503257536,0.0,0.0,0.0,0.0,0.0,0.0,0.0,0.0
0.0,0.0,0.0,0.0,0.0,0.12759685876084625,0.0,0.0,0.0,0.0,0.0,0.0,0.0,0.11525752192289074,0.0
0.0,0.23255761864582314,0.0,0.0,0.0,0.0,0.0,0.0,0.0,0.0,0.0,0.0,0.3145915008867456,0.0,0.0
0.4565420089398764,0.0,0.4130864772295457,0.0,0.0,0.0,0.0,0.0,0.0,0.0,0.0,0.0,0.0,0.0,0.0
0.0,0.0,0.0,0.167764754064742,0.0,0.0,0.0,0.0,0.0,0.0,0.0,0.0,0.0,0.44959796520408224,0.0
0.0737047001257145,0.0,0.0,0.0,0.0,0.0,0.0,0.0,0.0689463219532972,0.0,0.0,0.0,0.0,0.0,0.0
0.0,0.0,0.0,0.0,0.0,0.0,0.0,0.0,0.0,0.0,0.0,0.0,0.6453159075370848,0.7838977766777808,0.0
0.0,0.0,0.0,0.0,0.0,0.0,0.0,0.0,0.0,0.0,0.0,0.0,0.0,0.23408634248343418,0.005592780829957289
0.0,0.0,0.5988816064294378,0.0,0.0,0.0,0.0,0.0,0.0,0.0,0.0,0.0,0.02743807835730583,0.0,0.0
0.0,0.0,0.0,0.0,0.0,0.0,0.0,0.2064753499360914,0.0,0.0,0.5490666863719739,0.0,0.0,0.0,0.0
0.0,0.0,0.0,0.0,0.0,0.0,0.0,0.0,0.0,0.0,0.6451861606450181,0.7010891956984372,0.0,0.0,0.0
0.0,0.0,0.0,0.22253635164323493,0.0,0.0,0.0,0.0,0.7987139538202787,0.0,0.0,0.0,0.0,0.0,0.0
0.0,0.0,0.6148582487317618,0.0,0.0,0.0,0.0,0.0,0.0,0.0,0.3793507252485996,0.0,0.0,0.0,0.0
0.0,0.0,0.0,0.15891226215258059,0.0,0.0,0.0,0.7949512231327298,0.0,0.0,0.0,0.0,0.0,0.0,0.0
0.0,0.0,0.32803411017157835,0.0,0.0,0.0,0.0,0.0,0.0,0.0,0.0,0.0,0.8516276509649476,0.0,0.0
0.6723737145548837,0.0,0.0,0.0,0.0,0.0,0.0,0.0,0.0,0.0,0.0,0.0,0.0,0.0,0.8815636294652358
0.0,0.8993391555007585,0.0,0.0,0.0,0.0,0.0,0.0,0.0,0.0,0.4880100805895424,0.0,0.0,0.0,0.0
0.0,0.0,0.2028909635443341,0.0,0.0,0.0,0.029774078421797356,0.0,0.0,0.0,0.0,0.0,0.0,0.0,0.0
0.7887755151454149,0.0,0.0,0.0,0.0,0.058119088619897785,0.0,0.0,0.0,0.0,0.0,0.0,0.0,0.0,0.0
0.42923499291134404,0.0,0.0,0.0,0.0,0.0,0.0,0.0,0.0,0.8580588992028776,0.0,0.0,0.0,0.0,0.0
0.0,0.0,0.0,0.0,0.0,0.0,0.0,0.6334901254114652,0.0,0.0,0.0,0.0,0.6228515100824429,0.0,0.0
0.0,0.0,0.0,0.0,0.0,0.0,0.0,0.0,0.0,0.0,0.5511791776492813,0.0,0.0,0.3038465425780492,0.0
0.0,0.5784032691848287,0.0,0.0,0.0,0.0,0.7422321220780478,0.0,0.0,0.0,0.0,0.0,0.0,0.0,0.0
0.0,0.0,0.0,0.0,0.0,0.0,0.0,0.955792468442525,0.0,0.6452738260216241,0.0,0.0,0.0,0.0,0.0
0.0,0.0,0.0,0.0,0.0,0.0,0.4530380197268833,0.0,0.0,0.0,0.0,0.0,0.9268406976437804,0.0,0.0
0.0,0.0,0.0,0.7425497506582881,0.0,0.0,0.0,0.0,0.0,0.0,0.0,0.27779228827026603,0.0,0.0,0.0
0.0,0.7598549589223316,0.0,0.0,0.0,0.0,0.0,0.24664048482108758,0.0,0.0,0.0,0.0,0.0,0.0,0.0
0.0,0.1020238377409095,0.0,0.0,0.0,0.923776333273606,0.0,0.0,0.0,0.0,0.0,0.0,0.0,0.0,0.0
0.0,0.0,0.0,0.0,0.0,0.0,0.0,0.817805367938388,0.0,0.0,0.0,0.0,0.16576582542216567,0.0,0.0
0.0,0.0,0.0,0.0,0.44269756395590687,0.0,0.0,0.0,0.0,0.0,0.0,0.0,0.6639740266367504,0.0,0.0
0.0,0.0,0.0,0.0,0.0,0.0,0.6873964673518494,0.0,0.0,0.0,0.0,0.0,0.0,0.0,0.970400619693957
0.1712067533916951,0.0,0.0,0.5620707676677393,0.0,0.0,0.0,0.0,0.0,0.0,0.0,0.0,0.0,0.0,0.0
0.0,0.036082652462332,0.0,0.0,0.0,0.0,0.0,0.0,0.0,0.0,0.0,0.0,0.0,0.1322895729453134,0.0
0.0,0.0,0.0,0.0,0.0,0.0,0.7548307396305451,0.0,0.0,0.0,0.0,0.1433814073855797,0.0,0.0,0.0
0.0,0.0,0.6850047672870225,0.0,0.0,0.0,0.0,0.0,0.0,0.0,0.12863710139588114,0.0,0.0,0.0,0.0
0.0,0.12628931785766706,0.0,0.0,0.0,0.0,0.0,0.0,0.4908857659433692,0.0,0.0,0.0,0.0,0.0,0.0
0.0,0.0,0.0,0.0,0.46900606616834584,0.0,0.0,0.795706296609288,0.0,0.0,0.0,0.0,0.0,0.0,0.0
0.0,0.0,0.0,0.0,0.0,0.0,0.0,0.0,0.0,0.0,0.0,0.27707736584235854,0.0,0.9390022213043585,0.0
0.0,0.5469185180710469,0.0,0.0,0.0,0.0,0.0,0.0,0.01317977009962723,0.0,0.0,0.0,0.0,0.0,0.0
0.6874272605661216,0.0,0.0,0.0,0.0,0.0,0.0,0.8064568467524003,0.0,0.0,0.0,0.0,0.0,0.0,0.0
0.0,0.26039491777851576,0.0,0.0,0.0,0.0,0.0,0.0,0.33383722525305415,0.0,0.0,0.0,0.0,0.0,0.0
0.0,0.0,0.0,0.4065008639808556,0.0,0.0,0.0,0.0,0.0,0.0,0.0,0.0,0.16368081685683722,0.0,0.0
0.0,0.0,0.0,0.0,0.0,0.0,0.0,0.0,0.0,0.06539614831157115,0.0,0.0,0.0,0.19803608606079304,0.0
0.0,0.0,0.0,0.0,0.0,0.0,0.0,0.0,0.0,0.49713167146026815,0.0,0.1880418497165557,0.0,0.0,0.0
0.0,0.0,0.0,0.0,0.0,0.2618192463463813,0.0,0.0,0.0,0.0,0.0,0.6041952551903746,0.0,0.0,0.0
0.0,0.0,0.0,0.0,0.4771368287083936,0.0,0.0,0.0,0.4549781684296622,0.0,0.0,0.0,0.0,0.0,0.0
0.0,0.0,0.0,0.0,0.0,0.20259165754399588,0.0,0.0,0.0,0.0,0.26989456945667156,0.0,0.0,0.0,0.0
0.08817253091400323,0.0,0.0,0.20066058607543125,0.0,0.0,0.0,0.0,0.0,0.0,0.0,0.0,0.0,0.0,0.0
0.0,0.0,0.0,0.0,0.49896288077435136,0.0,0.0,0.0,0.0,0.0,0.0,0.0,0.0,0.6728928203762464,0.0
0.0,0.0,0.655169577407393,0.0,0.0,0.0,0.0,0.0,0.0,0.0,0.0,0.0,0.0,0.12431392262014507,0.0
0.0,0.0,0.0,0.0,0.24554164028171466,0.0,0.0,0.0,0.0,0.4057858287556353,0.0,0.0,0.0,0.0,0.0
0.0,0.0,0.0,0.0,0.0,0.0,0.6432639602319914,0.3674569551645056,0.0,0.0,0.0,0.0,0.0,0.0,0.0
0.98018323680088,0.0,0.0,0.0,0.0,0.0,0.0,0.0,0.0,0.0,0.0,0.0,0.0,0.5204619144775823,0.0
0.15100554953633516,0.0,0.0,0.0,0.0,0.0,0.0,0.0,0.0,0.0,0.0,0.0,0.0,0.686515994181744,0.0
0.0,0.273606350318631,0.0,0.0,0.0,0.0,0.0,0.0,0.0,0.0,0.0,0.0,0.0,0.0,0.08882392325755484
0.0,0.8390217796385252,0.0,0.0,0.0,0.0,0.0,0.0,0.0,0.0,0.29764806236246055,0.0,0.0,0.0,0.0
0.0,0.1690906428075467,0.0,0.0,0.0,0.0,0.7773698226833254,0.0,0.0,0.0,0.0,0.0,0.0,0.0,0.0
0.0,0.0,0.13627229268843466,0.0,0.0,0.0,0.0,0.0,0.0,0.4679375834857282,0.0,0.0,0.0,0.0,0.0
0.0,0.0,0.0,0.5947952480353912,0.0,0.0,0.0,0.0,0.0,0.0,0.0,0.0,0.0,0.0,0.3230539963176662
0.0,0.0,0.0,0.0,0.0,0.0,0.5448330549578949,0.0,0.7245592502961461,0.0,0.0,0.0,0.0,0.0,0.0
0.0,0.0,0.0,0.8833190044011356,0.0,0.0,0.0,0.0,0.0,0.0,0.0,0.0,0.7223478599424507,0.0,0.0
0.0,0.0,0.0,0.0,0.0,0.0,0.0,0.0,0.0,0.0,0.0,0.0,0.0,0.31381068454003713,0.9504547586406896
0.0,0.0,0.0,0.20278879695464602,0.0,0.0,0.0,0.0,0.0,0.0,0.0,0.9085565769514263,0.0,0.0,0.0
0.30417486185316256,0.0,0.0,0.0,0.0,0.0,0.0,0.0,0.0,0.0,0.0,0.8470463307702208,0.0,0.0,0.0
0.774866542114578,0.0,0.0,0.0,0.0,0.8129126730099753,0.0,0.0,0.0,0.0,0.0,0.0,0.0,0.0,0.0
0.0,0.0,0.0,0.0,0.0,0.21898198257299617,0.0,0.0,0.0,0.0,0.0,0.0,0.0,0.7926006999490666,0.0
0.0,0.622339971654711,0.0,0.0,0.0,0.0,0.0,0.0,0.0,0.0,0.4368024832450993,0.0,0.0,0.0,0.0
0.5284588440071405,0.0,0.0,0.0,0.0,0.0,0.0,0.0,0.0,0.8546889638553379,0.0,0.0,0.0,0.0,0.0
0.0,0.0,0.1600563351584472,0.0,0.0,0.0,0.0,0.0,0.0,0.0,0.0,0.0,0.0,0.5385257275381733,0.0
0.0,0.0,0.0,0.24343089093323633,0.0,0.0,0.8106331645298924,0.0,0.0,0.0,0.0,0.0,0.0,0.0,0.0
0.0,0.9202053854206242,0.0,0.0,0.0,0.0,0.0,0.0,0.0,0.0,0.0,0.0,0.14833366284256888,0.0,0.0
0.0,0.0,0.0,0.7594120624726163,0.0,0.0,0.36680691531632204,0.0,0.0,0.0,0.0,0.0,0.0,0.0,0.0
0.0,0.5999723077006187,0.0,0.0,0.0,0.0,0.0,0.0,0.0,0.0,0.0,0.0,0.3484902030456084,0.0,0.0
0.0,0.0,0.3459063467591462,0.0,0.0,0.0,0.0,0.0,0.0,0.0,0.0,0.0,0.601499951142645,0.0,0.0
0.0,0.7484827132659323,0.0,0.0,0.0,0.0,0.0,0.0,0.0,0.0,0.0,0.0,0.22524401349916068,0.0,0.0
0.0,0.0,0.3903729725655062,0.0,0.0,0.0,0.0,0.0,0.0,0.0,0.0,0.0,0.0,0.0,0.8831740914683843
0.0,0.0,0.6208185946764774,0.0,0.0,0.0,0.0,0.0,0.0,0.0,0.0,0.0,0.0,0.0,0.15908603120704912
0.38680389532461423,0.0,0.0,0.0,0.0,0.0,0.0,0.0,0.0,0.0,0.3644917375182436,0.0,0.0,0.0,0.0
0.0,0.04396441365679571,0.0,0.0,0.0,0.8999933163803902,0.0,0.0,0.0,0.0,0.0,0.0,0.0,0.0,0.0
0.0,0.0,0.0,0.0,0.0,0.6750927313268872,0.0,0.0,0.0,0.0,0.258564161736212,0.0,0.0,0.0,0.0
0.0,0.0,0.0,0.5401323522833289,0.0,0.0,0.3566157028051249,0.0,0.0,0.0,0.0,0.0,0.0,0.0,0.0
0.0,0.0,0.0,0.0,0.0,0.0,0.7331975766070266,0.0,0.0,0.0,0.0,0.0,0.0,0.0,0.8882532905272199
0.0,0.0,0.20343316445598814,0.0,0.0,0.0,0.0,0.0,0.0,0.0,0.1883685958648278,0.0,0.0,0.0,0.0
0.0,0.0,0.0,0.0,0.0,0.0,0.0,0.0,0.0,0.0,0.42490120163887846,0.0,0.0,0.15483907450346845,0.0
0.0,0.0,0.8368708481926401,0.0,0.0,0.0,0.0,0.0,0.0,0.0,0.0,0.12144323254189027,0.0,0.0,0.0
0.0,0.0,0.0,0.7416431973985576,0.0,0.0,0.0,0.0,0.0,0.25554159579822944,0.0,0.0,0.0,0.0,0.0
0.0,0.342502123256165,0.0,0.0,0.0,0.0,0.0,0.0,0.0,0.0,0.13426191137661292,0.0,0.0,0.0,0.0
0.0,0.0,0.0,0.0,0.0,0.0,0.0,0.0,0.0,0.0,0.0,0.0,0.8127657836361286,0.23797518684812957,0.0
0.0,0.5922242975374113,0.0,0.0,0.7251124383270646,0.0,0.0,0.0,0.0,0.0,0.0,0.0,0.0,0.0,0.0
0.0,0.0,0.0,0.0,0.0,0.0,0.0,0.0,0.0,0.0,0.421666370063555,0.6497762953963085,0.0,0.0,0.0
0.0,0.0,0.0,0.0,0.0,0.0,0.42991259769210854,0.0,0.0,0.36421491152746355,0.0,0.0,0.0,0.0,0.0
0.6074853971866901,0.7198199568263872,0.0,0.0,0.0,0.0,0.0,0.0,0.0,0.0,0.0,0.0,0.0,0.0,0.0
0.0,0.5577555942605151,0.0,0.0,0.0,0.0,0.0,0.13269751649170547,0.0,0.0,0.0,0.0,0.0,0.0,0.0
0.0,0.0,0.0,0.0,0.0,0.0,0.0,0.0,0.0,0.0,0.0,0.26680078636334514,0.0,0.0,0.5118200286290239
0.0,0.0,0.0,0.0,0.0,0.0,0.0,0.19947546222796375,0.0,0.0,0.0,0.0,0.0,0.0,0.20133615129916393
0.0,0.0,0.0,0.0,0.0,0.0,0.0,0.0,0.0,0.06277998349811997,0.0,0.0,0.0,0.2884008548496606,0.0
0.0,0.0,0.0,0.0,0.0,0.9113045124786129,0.0,0.3692480833862225,0.0,0.0,0.0,0.0,0.0,0.0,0.0
0.0,0.0,0.0,0.0,0.0,0.0,0.0,0.0,0.7409729414794503,0.0,0.0,0.0,0.0,0.26462974795124394,0.0
0.0,0.0,0.0,0.4164842866964549,0.20540186024896223,0.0,0.0,0.0,0.0,0.0,0.0,0.0,0.0,0.0,0.0
0.0,0.7557225776834866,0.0,0.0,0.0,0.0,0.0,0.8169621359756265,0.0,0.0,0.0,0.0,0.0,0.0,0.0
0.0,0.0,0.0,0.0,0.0,0.0,0.0,0.00297702668432831,0.0,0.0,0.0,0.0,0.0,0.0,0.318882295313913
0.5147518221696805,0.9771758128400732,0.0,0.0,0.0,0.0,0.0,0.0,0.0,0.0,0.0,0.0,0.0,0.0,0.0
0.0,0.38704842933093475,0.0,0.0,0.0,0.0,0.0,0.24629603711712678,0.0,0.0,0.0,0.0,0.0,0.0,0.0
0.0,0.0,0.0,0.0,0.0,0.0,0.0,0.0,0.0,0.0,0.9300108551659126,0.0,0.0,0.0,0.0026054834158768525
0.0,0.0,0.0,0.0,0.0,0.24687919515132073,0.0,0.0,0.0,0.0,0.0,0.0,0.0,0.0,0.2174497092582044
0.0,0.0,0.0,0.0,0.0,0.0,0.0,0.0,0.0,0.5669269394605416,0.0,0.0,0.0,0.8995044167905124,0.0
0.0,0.3878012065971581,0.0,0.0,0.0,0.0,0.0,0.0,0.0,0.0,0.0,0.0,0.5168940968349678,0.0,0.0
0.0,0.0,0.0,0.0,0.0,0.0,0.0,0.39993166903459354,0.0,0.0,0.0,0.0,0.0,0.14728720905272574,0.0
0.0,0.0,0.0,0.0,0.0,0.0,0.3084090227001015,0.0,0.0,0.0,0.0,0.0,0.0,0.0,0.7778653453037628
0.0,0.0,0.7194819948815036,0.0,0.0,0.0,0.0,0.0,0.0,0.0,0.52126353335724,0.0,0.0,0.0,0.0
0.0,0.0,0.0,0.0,0.0,0.598331273846815,0.0,0.0,0.0,0.0,0.0,0.0,0.0,0.0,0.6460539688231984
0.03602713148978831,0.0,0.0,0.0,0.0,0.0,0.0,0.0,0.5250742252422277,0.0,0.0,0.0,0.0,0.0,0.0
0.0,0.0,0.5905095477966327,0.0,0.0,0.0,0.0,0.0,0.0,0.0,0.0,0.0,0.0,0.0,0.9713284226735708
0.0,0.0,0.0,0.0,0.08836470667314178,0.47877659158802166,0.0,0.0,0.0,0.0,0.0,0.0,0.0,0.0,0.0
0.0,0.0,0.0,0.0,0.0,0.0,0.0,0.9915734068090036,0.0,0.0,0.0,0.0,0.465509317596174,0.0,0.0
0.0,0.0,0.0,0.5062933039555138,0.0,0.11836886180991224,0.0,0.0,0.0,0.0,0.0,0.0,0.0,0.0,0.0
0.0,0.7466327205289183,0.0,0.0,0.0,0.8644807746709423,0.0,0.0,0.0,0.0,0.0,0.0,0.0,0.0,0.0
0.0,0.9674239610497132,0.0,0.0,0.0,0.0,0.0,0.38534641375265144,0.0,0.0,0.0,0.0,0.0,0.0,0.0
0.0,0.776518401645292,0.0,0.0,0.0,0.0,0.0,0.0,0.0,0.0,0.0,0.0,0.9852488593873118,0.0,0.0
0.0,0.0,0.24038988396526972,0.0,0.0,0.0,0.0,0.2620288394667859,0.0,0.0,0.0,0.0,0.0,0.0,0.0
0.0,0.0,0.0,0.0,0.0,0.0,0.0,0.0,0.0,0.0,0.0,0.0,0.4926965216158996,0.6060717524886302,0.0
0.0,0.0,0.0,0.19579383209506684,0.0,0.0,0.0,0.0,0.8189564014227496,0.0,0.0,0.0,0.0,0.0,0.0
0.0,0.0,0.0,0.0,0.0,0.0,0.5858742897664905,0.0,0.6163786466054516,0.0,0.0,0.0,0.0,0.0,0.0
0.0,0.39164265531637144,0.0,0.0,0.0,0.0,0.0,0.0,0.9764818625868046,0.0,0.0,0.0,0.0,0.0,0.0
0.2125832062394718,0.03272712592626181,0.0,0.0,0.0,0.0,0.0,0.0,0.0,0.0,0.0,0.0,0.0,0.0,0.0
0.8060186247313919,0.0,0.0,0.0,0.0,0.0,0.0,0.0,0.0,0.37607665433095505,0.0,0.0,0.0,0.0,0.0
0.0,0.0,0.15839331935691714,0.0,0.0,0.0,0.0,0.20658539212793625,0.0,0.0,0.0,0.0,0.0,0.0,0.0
0.0,0.0,0.0,0.30705955323334655,0.0,0.0,0.0,0.0,0.0,0.0,0.0,0.0,0.0,0.7663957483142133,0.0
0.0,0.8660910562501695,0.0,0.0,0.0,0.0,0.0,0.0,0.0,0.09589393930024304,0.0,0.0,0.0,0.0,0.0
0.011816567661502297,0.7225913609786099,0.0,0.0,0.0,0.0,0.0,0.0,0.0,0.0,0.0,0.0,0.0,0.0,0.0
0.9216456246815601,0.0,0.0,0.0,0.0,0.0,0.0,0.0,0.0,0.0,0.04466130814999736,0.0,0.0,0.0,0.0
0.0,0.0,0.0,0.0,0.0010858188512160583,0.0,0.0,0.0,0.0,0.0,0.47867840659574246,0.0,0.0,0.0,0.0
0.0,0.0,0.0,0.0,0.0,0.0,0.4714356251553983,0.0,0.0,0.0,0.0,0.912778179170798,0.0,0.0,0.0
0.7690884892500047,0.7434061530445518,0.0,0.0,0.0,0.0,0.0,0.0,0.0,0.0,0.0,0.0,0.0,0.0,0.0
0.0,0.0,0.0,0.5737711445535346,0.40428881175949916,0.0,0.0,0.0,0.0,0.0,0.0,0.0,0.0,0.0,0.0
0.0,0.0,0.0,0.0,0.0,0.0,0.7664718479765098,0.0,0.0,0.47344016759766716,0.0,0.0,0.0,0.0,0.0
0.8378681684664132,0.0,0.0,0.0,0.0,0.0,0.5364139585864941,0.0,0.0,0.0,0.0,0.0,0.0,0.0,0.0
0.75590157523569,0.0,0.0,0.0,0.0,0.0,0.0,0.0,0.0,0.0,0.0,0.0,0.07257948274728065,0.0,0.0
0.0,0.0,0.0,0.0,0.0,0.0,0.0,0.0,0.0,0.7777720895318815,0.0,0.0,0.0,0.0,0.8704666985341165
0.0,0.0,0.0,0.8949453506492286,0.0,0.0,0.0,0.0,0.0,0.0,0.0,0.0,0.0,0.0,0.8753345953637658
