0.420457463129,-0.878519468727,0.439578192395,0.103943913407,-0.660347541125
0.154125418268,-0.993026925132,-0.329216392149,-0.665158940115,-0.0100130147144
-2.32336710349,1.01080730403,-2.61690429379,-0.238835453681,0.763372298888
-0.388276316698,0.814156480231,-0.159042939742,0.50229821214,-0.334068590789
-0.688275703857,-0.156568008396,-0.399693696187,-1.03574059064,-0.0353006384874
3.91312557109,-1.65098531781,-1.99078984724,2.55892643348,-0.174605257513
-2.7595463549,2.35554062931,-1.86073770737,-0.10756956691,1.94006498243
-0.351574374347,-0.0309626468228,0.0459520456735,-0.207195865563,-0.134507257891
1.37708886239,-0.681861323504,0.975321525463,-0.558480591412,0.999636018268
-0.0583813140597,-1.84271136173,-0.0530531044695,-0.178770819155,-1.03623285119
-2.09369333604,-1.34299602821,2.68348850351,0.348171308708,-2.64484092166
-0.0558997539237,0.360160973955,0.119403506025,0.241246521764,0.00363162069475
-0.173808470965,-0.229504272557,0.537274084558,0.99668443916,-0.128347015188
-0.0617486423944,0.0779680238899,-0.0468710574075,-0.00134161860274,-0.0016373121338
1.73334745934,-1.27688948554,1.22533256467,0.761820255122,-0.244428393004
2.23848632881,-2.8264646605,1.699150251,0.0486358045173,0.0593551645085
1.06352692234,-2.22217272549,1.11189188701,0.262921127619,-1.67031733213
-0.256157048799,0.00333749884594,-0.119834907825,0.290140063674,0.0226444925756
-2.882837591,1.05638598875,-3.06074391901,1.48564288347,1.37983567572
0.554948851574,-0.473702702891,0.374197103793,0.0216323989322,-0.390149936081
-0.253301277576,0.362759332271,-0.319138601306,0.157989915119,0.411132162165
0.959009608747,-0.232098172868,-0.404066898173,-0.570188987671,0.00325300418084
-3.61889757256,2.44079723267,-1.146175692,-1.93052960439,0.432095270539
1.35218710694,-1.51494268758,1.26662775818,-0.444463550325,-0.0193390501973
-0.58044372451,0.900031312539,-1.19535924096,-0.0294348936569,0.39354593688
2.64815174541,-1.89700689987,1.39402566178,0.00640501178444,1.86267595316
0.468599371216,-0.113409768655,-0.197438579015,-0.278610556828,0.00158951036548
-0.043478887403,-0.0226034017013,-0.00279755864171,-0.0828915211849,-0.0329625462513
-0.0131094175469,0.253354300411,0.153910306289,0.0806529734601,0.194806124478
1.06282186635,1.87182860735,0.0546715804473,1.00458177144,1.51785246858
1.16398957483,0.194933459645,1.36805504139,-1.22689330748,-0.447972397247
2.19312231676,-1.01439053004,-0.737902267741,0.783149596999,0.870216052394
-0.000226680950063,-0.0114305056054,-0.173050440119,-0.0112740931482,0.0462694630097
1.05360538699,-2.54779884526,-0.121812525926,-0.129034156158,-0.242961006572
1.80330739037,0.530267029465,-1.77441561025,-2.28783141676,0.869896771179
0.552454383571,-3.43285509938,-0.168127686119,-0.939749602259,-0.684639314992
1.28088767663,-1.66133215618,0.780115365389,0.614749047332,-0.982036643402
-0.62211428932,0.15056323581,0.26212020078,0.369884424106,-0.0021102399451
0.589576703798,-0.422344028075,0.310361766884,0.00142599295611,0.41470068723
-0.0957159959435,-0.258439063742,-0.168751317422,-0.177576162344,-0.254234734525
1.78606426722,0.406291437601,1.03719864669,2.68773000222,0.0916045832492
-0.0162785414392,0.139304483451,0.705392662277,0.242896405931,0.00603633347761
2.14160015775,-0.0867310266247,-3.00966068741,-0.0172561513113,0.848285137178
0.238055351793,1.41378911673,-3.11691908928,-2.40713818642,-2.41228422515
-2.05437668609,-0.208225373849,-2.01597370262,-0.198498071356,-0.361738391204
1.65239098797,-2.56218401014,3.40291531071,0.0837944333905,-1.12033558464
-0.338599593452,-0.0354478965136,1.12133555275,0.439571427251,-0.212471780133
-1.64280410781,-0.120079977101,-0.226225568046,0.295356518523,0.541411989069
-0.0394075882824,0.244871874335,0.0119928573842,0.0670340692656,0.0488365828012
0.240743034114,0.183138741866,-1.4725342473,-0.441194495482,-0.935345095724
-2.28250742347,-1.35288934285,0.202885660389,0.487910020656,-0.252962166324
0.49106436301,-1.15214832967,0.0326224539977,-0.385536991537,-0.170304621371
-0.00315181043532,-0.0150236230403,-0.0282290060557,-0.0281844330405,-0.0166510842315
-0.298541114267,-0.806079331872,-0.526340512268,-0.55386547307,-0.792965900655
-1.03731787158,-0.305025903688,1.02069843109,1.31603099307,-0.500391376419
0.365571162958,-1.20897778613,0.40664544662,-2.48436204805,-2.11219177281
-0.00647942760922,-0.0174948522282,-0.0114235027742,-0.0120208944983,-0.0172102430933
-0.847162600316,-0.0886892151288,2.805536572,1.09979007812,-0.531595870853
0.068592007033,-0.263578215522,1.25954528269,0.37235829396,-0.424704243764
-1.80748889309,1.54286718798,-1.2187737789,-0.0704575217877,1.2707327425
0.542744097311,-0.228988955174,-0.276119285964,0.35491889846,-0.0242174627809
-0.019296216013,-0.0890511011629,-0.064043099866,0.0312266114437,0.0613768760629
1.43350327024,-0.0580543524187,-2.01454899138,-0.0115505918539,0.567808847904
2.84134372853,0.250233033997,-0.371373929143,1.67450962342,1.08705691181
2.33537907152,-0.565205197642,-0.983983235287,-1.38852355229,0.00792171195596
-0.00903360075611,-0.455524048453,-6.896338604,-0.449290760251,1.84391258248
0.539473583851,-0.228622597327,-0.0608013697814,-0.356215399143,0.0537370661538
0.394137369269,-0.404227795934,-1.73019148658,0.637126336147,0.652950500707
-4.7807627475,0.0226955097572,-0.16267018261,-1.77984464372,-0.564476775404
0.114919807162,0.530349337212,0.381412639747,-0.185972014566,-0.365533779089
-0.256743362652,-0.666466181841,-2.27219296085,-1.14381054624,-0.260931040612
0.765428138786,-0.346007000105,2.04494759274,-0.955355423126,-0.369275834505
-0.19486709294,0.1912749516,-0.0547543321169,0.221417575009,0.2350758852
-2.31875831701,1.56478814514,-2.40087318762,1.95068460855,-0.300244364051
0.209070758364,0.964851411322,0.693894567099,-0.338334279181,-0.665006549256
1.3915934187,-3.26499366216,0.0924465216877,-1.09254668125,-0.482614516806
-0.0294895975788,-0.930791253787,-0.026798209775,-0.0903008025879,-0.5234224387
0.752933777501,-0.327572410147,0.848060400067,0.0773994260619,-0.247386126703
-0.780945082213,-2.1085996535,-1.37683895109,-1.44884070143,-2.07429660735
0.0512732302545,-0.4387733927,-2.22180596019,-0.765061378246,-0.0190129021969
2.51517869671,-0.630423804014,0.0860617791337,1.41065133739,0.124589233771
2.99379390008,0.363316397824,-0.660181135792,0.166638507077,0.348880529391
0.657261568162,0.149512955558,0.381683247088,0.989069468818,0.033709969536
0.946455174949,2.55548706229,1.66864018996,1.75590167706,2.51391397823
-0.274412247492,0.185079748973,-0.0869117297069,-0.146387389244,0.0327647389686
-0.115328995978,0.050175192429,-0.129899809772,-0.0118554889736,0.0378928326291
-0.113309564138,0.452819703086,0.733426389927,0.0673088349732,0.0902122584185
0.023240454691,0.0176795463601,-0.142153086927,-0.0425913078644,-0.0902948049884
-0.117380635993,0.736927633186,0.752494219481,0.52390361342,0.269149604933
0.293660827637,-0.473524308499,-0.571869029149,-4.8689394069,-1.9320415944
0.691017201187,2.07401688422,-3.66611769356,-0.0282382219368,0.106689992057
0.443828345585,0.130508830421,-0.436717527409,-0.563078950434,0.214098188054
-0.584985423324,0.254504566996,-0.658893234654,-0.0601348184566,0.192204523662
-0.119391215477,-3.76838981433,-0.108494896517,-0.365590698573,-2.11912153081
1.07645654008,-0.167298300556,-0.422576436167,-0.749360523503,0.0943503972532
-9.25072209342,-2.88862993067,5.20221304184,-1.43749322295,-0.756040419221
-0.745440649568,1.7489727701,-0.0495212137763,0.585249036689,0.25852413073
-0.0322876755911,0.0520634617165,0.0628763524313,0.535334376423,0.212425786341
-0.152806774557,0.369513034551,0.0176667464093,0.018714115791,0.0352371848283
-0.00222295758588,0.172089279351,-0.0805777891501,0.215965872688,-0.0646596728009
-0.0503157492113,-0.056461501974,0.0883160990441,-0.0906216780295,0.0112668214878
-0.141469421881,0.299728954215,0.147311795288,0.0834190939988,0.293074802275
0.16789652521,-1.02023863507,-1.33285438961,-1.67027797498,-1.96184393969
-0.591105577079,0.431613668033,0.0922255944472,0.303963440511,-0.0505179404992
-0.450468398637,-0.0544620261689,-0.327375950382,0.879870798807,0.412677036888
0.834557785062,-0.299285836038,-0.960778522023,-0.445808414802,-0.0704475297578
-1.07216662239,1.34833300671,0.806145528844,0.629900663104,0.0432941529496
-0.114361393868,-0.178381125581,0.385688220308,-0.109256424631,0.177630289405
-0.650146486629,-2.04625415952,2.19740625186,1.5233556578,1.23989711457
-0.0107599465992,0.358241744966,0.168311600185,0.307127332686,-0.0337117774529
-0.011297505146,0.0167073486182,-0.00286353363832,0.0124629124442,-0.018474569895
0.352777783201,1.89242974786,0.166902216088,-1.81991657346,0.0920194747623
-1.0235963645,1.8401000152,-0.431913186351,0.65940634884,0.360106222592
-0.363100900293,0.741579244655,2.56432838526,-2.96869048479,-1.31961083274
0.136271431057,-0.235208877202,0.16587318991,0.0495796931468,-0.209402806341
-0.496414173086,0.958483052609,0.566037667784,0.559417709663,-1.08400557794
-0.186294401843,-1.59583086017,-0.263314164591,-0.507681456062,0.681201457985
-0.900555544307,2.24774935581,-0.136921612293,1.25233500153,1.4015315909
0.190850307055,0.297688681806,-0.643650035942,0.182330955258,-0.296435660049
-0.0820740146713,-0.592303006354,0.237611515345,-0.306268208663,0.637414720937
-3.79140235804,5.80524612324,2.96979532658,2.4276915477,-1.19322393943
0.0279313904041,-0.00967291961801,-0.00387684882954,0.0197384026466,-0.0280184772462
1.36426689644,-2.03504817278,-1.53868636887,-2.46554874877,-0.359704574175
0.132994037967,-3.19403766325,0.826783840638,0.364766553671,-1.24348210582
-1.27970874024,2.47087856531,1.45919151797,1.44212589268,-2.79446375179
1.7590723986,-1.99864131188,-0.890674932882,-0.736108248769,-0.983317273254
-0.10698415086,0.301190792693,-0.617984210297,-1.03474265959,0.0449016984616
-1.24027452899,3.68070339815,1.06270491259,1.00004894974,0.78804677202
0.190091795185,-0.375622483663,0.581360919328,0.429614515129,0.179824998692
0.237985864122,-0.995548281482,-0.177352687301,0.789006766865,0.0300564226568
0.0259091886629,-0.540318312907,-0.0449090335238,0.0187719010615,-0.0523517740848
0.0875081113535,0.136495323052,-0.295124487285,0.083601843676,-0.135920791268
-0.679977672036,1.17366335351,-0.827686806052,-0.247396567752,1.04489423549
2.01272184049,-2.21721768743,-0.838579363389,-1.45325899708,1.81789071298
0.831726195682,-1.27350642773,-0.651488904544,-0.532566703446,0.261759505855
-0.342355357307,0.577676255546,-0.00421439192318,-1.27670989457,0.052256252979
-0.153341390029,0.0025497902708,0.0576200907883,0.228395617667,-0.280400903463
-1.23636905309,-0.0281907406533,2.18637112096,-1.65162757105,3.69554204562
1.0825728264,-0.255475052803,0.145996371883,-2.29939903324,0.120002727076
-0.119797631403,-3.46062435726,2.01900987352,-1.30752573244,1.74793279534
-0.330252091921,0.547273958576,0.4632618202,-0.274511702202,-0.0198248137216
-1.05067416429,0.149124100657,2.22191308096,1.84408088387,0.550340220775
2.7122886119,-3.41091410865,-2.03932792885,-1.59347657303,-0.109522377917
0.0968552327849,-0.284647273498,0.0792632792625,-0.151710564835,0.262402174568
-0.0189585228491,-0.342351027101,-0.492460510199,-0.468713170229,0.179448169649
-0.335417343332,-2.42060415388,0.971062808874,-1.2516466912,2.6049652031
1.86691984457,-1.36318815671,-0.291280947308,-0.960023726924,0.159553469434
0.782650371676,0.627637152136,-2.83036961239,-1.00773812908,-0.466457054739
-0.485925828977,0.724845316519,0.548050715942,0.878181404793,0.1281199037
-1.28685200617,0.182645252563,2.7213701478,2.25860620314,0.674049521012
-0.106645952316,0.310816047533,0.0354517189935,-0.12513311615,-0.054598602626
-0.0287641990498,0.00394993044492,0.0180408321806,0.0213506430396,-0.0393534600396
0.013764968837,-0.00875235537177,0.0356966952132,-0.0423629225107,0.0832708480517
-0.688885399576,-0.897629596273,-1.4303103359,-2.68381195456,-0.500387049804
0.188710830577,1.36186822016,-0.546334507884,0.704195210476,-1.46559251295
-1.54757797996,1.94619980445,1.16359998813,0.909206065016,0.0624912922737
0.129323237499,-2.69694718789,-0.224159146155,0.0936981489799,-0.261308873911
0.324115415002,1.7386742655,0.153341802143,-1.67205261659,0.0845431080729
1.05099160113,-3.08875302996,0.86009850359,-1.64623557097,2.84736790838
-0.910306681688,1.83737535376,-0.951611464847,1.57727488797,-1.01007890787
-0.198915338602,0.401493417531,-0.207941038504,0.34465765738,-0.220717030882
-0.915453100885,-0.662185957072,1.05153699736,2.75064224998,-1.85255275807
-0.0792013252848,-1.15667269284,2.11543376326,-4.42967572701,-0.962514521626
0.88423454594,-0.3062192595,-0.12273086355,0.624866046739,-0.886991486901
-1.99813130711,5.088339099,4.63985951329,3.95588917853,1.03709680409
-0.923530605326,2.71415865967,-0.755788429522,1.446585236,-2.50204797562
-0.647422378773,-0.763565701238,0.653666240794,1.63671588998,-0.51038190102
-0.087460668616,-0.749203586623,-0.123619564857,-0.238344035848,0.319807435909
1.52626170646,-2.52922935645,-2.14096683573,1.26865721458,0.0916204764819
0.180101922833,1.54278498758,0.254561526717,0.490805979776,-0.658558127383
-0.680721472224,1.69905261297,-0.103497759898,0.9466282578,1.05940455751
-0.320678596357,-0.00731186786049,0.567081827578,-0.428384720457,0.958517388484
-0.322760084365,0.205224653367,-0.837013762616,0.993323022042,-1.95252937079
-0.36106579383,0.351503991772,0.0564980871575,0.203160043901,-0.159921621325
-0.895554789884,2.44798683948,1.37198010914,-2.46719850021,-0.701917880143
0.876514530845,-0.120363908788,-0.549747675139,-0.650605596031,1.19919485691
-0.760668814098,0.755448881699,-1.35365375927,0.884309058087,0.882681333178
0.115739674843,-0.0735922308894,0.30014771162,-0.356199199202,0.70016438043
-0.0645916440625,0.0711542612568,0.0269114284292,0.0466375362862,-0.0583391840419
0.0693984449399,-0.356356078474,-0.798055849607,-3.41665465109,-0.369332765345
0.0566364396732,-1.18111400289,-0.098169332936,0.0410346173265,-0.114438863112
-0.232003487308,0.880306299299,-0.146099015857,-0.328307869108,0.11086589496
-0.00288676218448,-0.00208811721553,0.00331588503728,0.00867379227028,-0.00584178396642
0.884297881286,-0.317123434044,-1.01804144257,-0.472378837901,-0.0746462407059
1.44556930414,-0.198507116251,-0.906657375588,-1.07299473725,1.97774162758
0.47244455534,-0.258956794821,-1.23095655751,0.248803237937,0.58899830414
0.193404802534,-0.326343256349,0.0023808116926,0.721244227034,-0.0295208182751
0.623879978274,2.19693876338,-0.132955624121,0.192349983059,-1.56548236889
-0.58378019543,0.760567901201,-0.527614885363,0.861675506099,-0.09429429853
0.207475810575,-0.553562989039,-0.516340874411,0.619405125662,0.39023590767
-0.399353739711,1.67058632133,0.297607839788,-1.32399797848,-0.0504363771126
0.0122518476226,-0.00676881292872,-0.0483982583819,0.00214333923384,-0.0100282370058
-0.375214047198,1.02564249547,0.574823802227,-1.03369167912,-0.294085243677
0.640598091719,0.463371700914,-0.735824252743,-1.92479131332,1.29634359257
-0.803124362706,0.113988905766,1.6984071635,1.40959617641,0.420674319503
0.207379667276,0.150006486755,-0.238207060995,-0.623109227599,0.419662978047
-0.536245852289,0.538940623036,0.293460571199,1.15149790623,0.65095099006
0.00939833998988,0.0122461996378,0.0195134674594,0.0366147652909,0.00682669080153
0.123138555321,0.0406675931522,-0.482953728035,-0.504503256832,0.192795273523
0.141169277389,0.600697758157,-0.637749070154,-0.269368237747,0.739384514335
-0.122077609141,-0.0198465420928,-0.00831991988817,-0.109944283781,0.0477345835291
1.11255120377,1.52355998897,-0.35270595348,-1.9720433522,-2.0619607227
0.0496889730068,-0.125771116884,-0.0992433707724,-0.120107268776,-0.0594727583752
2.18328270045,-0.440293859925,-0.233417900977,2.26325783371,-2.53154813673
-1.51231647771,0.736900280367,-1.22174988978,-0.204134326677,2.02922379617
-1.28466390527,-0.304814021227,0.293856580252,-2.69317409266,-0.771901034842
0.040567730674,-0.122697683434,-0.124602019346,0.470352240533,-0.317976731548
-1.31996472489,-0.214590830028,-0.0899591730502,-1.18877308718,0.516130409655
-0.061999507006,0.187518398425,0.190428787686,-0.71883752302,0.485962617772
-0.20206159718,-0.612748726496,0.133562142203,2.65223024473,1.0829318079
2.97998223328,-0.0575528450445,0.486118388423,1.02010568167,0.696192795997
-0.0336123090506,0.101660910948,0.103238744515,-0.389709372666,0.263458960956
-1.01982759464,0.205664538087,0.10903123835,-1.05718457446,1.18250497128
0.132572359714,0.0701891317328,-0.308595250247,0.470023037266,0.339682924475
-4.25961273623,-0.861162384574,-0.45630578957,-2.171867796,0.876159408517
0.562654180361,-1.65462928578,1.65235250747,0.393764535736,-3.34102538211
0.218350965331,0.498534055605,-0.0569542909468,0.902930452733,1.07489171443
1.67271683217,1.47049772069,1.68690023558,-0.648891602253,-1.32451672757
-0.8160651026,-0.132670278547,-0.0556170482442,-0.734956179557,0.319096418084
-1.98430727344,0.0837486297543,1.16690417149,-0.0565066606145,0.42547723842
1.79648096125,2.04322556267,-2.52316524474,4.30903810521,4.39337022799
-0.344443747909,-1.04452043746,0.227676339696,4.52111701857,1.8460167387
0.717801310341,-2.20224388852,-0.138256978,-1.87113273932,-2.92982153179
0.00165724577177,0.487535546777,-0.209420015502,-0.760606644173,-0.835268242858
1.00580922363,0.333089979693,-1.00385384755,0.82605455039,-0.44198048684
0.24192711919,0.661408501672,-0.269315157635,-0.287935249126,-0.850693982887
0.156072512894,1.50733856006,-2.63384810358,-5.39305303496,-3.06911812876
1.07387048041,0.174582512236,0.073187183384,0.967138213741,-0.419903047801
0.684574558967,-3.76416552515,1.23355073243,3.91762508655,3.28214923631
1.16154801343,0.365782798071,0.0379590192458,1.15128736729,0.0691805613727
1.54531675081,-0.167483305121,1.28463583714,1.57176634703,0.503741655363
-0.570166660502,0.0110117144643,-0.093010117658,-0.195179099855,-0.133204123544
0.344712138117,0.503496935918,0.0157287528673,0.480080214826,0.181304143855
3.83030215306,3.41626658787,1.55728524479,2.36292070735,1.88273978451
-0.0163631680741,-0.456571629127,0.341387786401,-0.286714799519,0.00574332205487
0.644667550418,0.574982370781,0.262102367892,0.397696642031,0.316878720386
0.274168651833,-0.086986947718,0.618475297318,-0.665674568981,0.24353375853
0.727147610337,0.118214681281,0.0495570801839,0.654876220004,-0.284328048262
-0.860292235168,-0.468014757369,0.414835640913,-4.38309284124,-0.0722089276628
0.741306313003,0.595404865141,1.47415081162,-0.557720750977,0.394641824264
0.640131023342,-0.311914032232,0.517140439018,0.086405667968,-0.858926768556
-0.288476818524,0.061304027002,0.325965660177,-0.755535265171,0.0146296377086
-1.73202904248,-1.23311491974,1.6444854306,0.0474848509929,-1.28743945934
0.495820113672,1.00101028523,-1.85204432169,0.454748566878,0.213020326825
0.860535618389,-0.0363193139791,-0.506051968994,0.0245052743524,-0.184516946229
-0.136528614585,-0.10965750585,-0.27149879135,0.102717109137,-0.0726823724271
1.48087280002,1.13793456191,-0.0535480833472,-2.4835695907,0.152650011188
-0.204528558705,0.14510213548,0.130307374521,-0.914335838231,-0.861956997898
0.400016827134,-1.7018294882,-0.56240870723,-0.329344580047,2.4661186192
-0.527513491127,0.571868771753,-0.997090112299,0.660441268562,0.815797992814
-0.162916507863,-0.125188554345,0.00589103043933,0.273227035263,-0.0167936143791
-0.317954597718,1.52608748836,-1.70590240711,-4.06899148685,-6.80019175684
-0.379071413745,-1.07376819265,0.171590000293,-0.110666811644,-0.480775395332
-0.0225291120988,-0.380819822096,-0.514585653707,0.212857277165,0.508791759445
-1.91414513796,-2.29559317265,-2.8842060647,-3.25258932848,-3.42609758587
-1.14305164382,-1.37083729834,-1.72233359843,-1.94231748934,-2.04592974679
0.085542995622,-0.320675412264,0.230195949843,0.201306991877,0.199224117778
-0.587640530406,-1.66456685306,0.266000640324,-0.171556866424,-0.745303122512
-0.305807291687,-0.582184905994,-0.701463137178,0.683217479457,1.25369421502
0.308219051574,-0.0977902993128,0.695286891068,-0.748348080411,0.273779455012
0.422793581775,0.475960718919,0.160397773325,-0.0148008229239,1.09539047778
4.31142434187,-0.181965709522,-2.53540321952,0.122775436704,-0.924460111189
0.0805507376555,1.36158573179,1.83985297829,-0.761051328425,-1.8191374501
-1.104621914,0.845919837767,1.24635556029,0.886161332549,-0.827805119873
0.163325549358,0.183864063319,0.0619618073059,-0.00571757150345,0.423150348673
-1.32271159882,0.0558256704718,0.777842072649,-0.0376665531625,0.283617202752
1.06541628419,0.468996121314,-1.56527174274,-0.525671395719,0.735406194837
-0.0139688709099,-0.0838193354894,-0.0708765069763,-0.162517081744,-0.120344994353
-0.0106238068113,0.285902092097,0.053735439454,0.413739535465,-0.0546672456516
-0.186803072946,-0.0765075462123,-0.11440555982,-0.0445026683482,-0.244570106201
-0.182776042458,-0.491160676339,0.0718727139919,-0.0632078934505,-1.17743558971
0.712045792971,0.554824842805,0.379872288818,0.626307555846,1.1405610787
-0.153001302381,0.0707089614702,0.500276823828,-0.0270258296803,-0.115298722867
0.0362416698662,0.0496303971935,-0.0114894961081,-0.0642398694909,-0.0671689532453
-0.271330350708,0.29006405494,0.0572528885856,-0.313626902214,-0.560779881582
-0.172150694043,0.0186579011727,-0.143110434051,-0.175097220277,-0.056117605367
-1.23489729532,0.256190525636,-0.810066456429,0.312163744816,1.85376303058
-1.83637916322,-1.31210792864,1.55735400935,-1.64553080921,-0.80714105817
-2.062175908,-0.254528365756,0.315687225488,-0.826757128837,0.485024546418
0.120277394948,-0.214732455481,-0.81012615017,0.392149095176,2.21479253137
-0.153121985416,0.448650484527,-0.918026824497,-1.39978225651,-0.371696935816
-1.25483920158,-1.71841331314,0.397814730286,2.22425475535,2.32567196745
0.323078056577,0.68145675767,-0.583820009567,0.26649114555,2.01738634846
0.679702497614,0.263779330734,-1.30578364572,-0.125475432914,1.78739407735
-0.036267950695,0.101679082538,-0.282901454755,1.3981237219,0.743280320789
-2.24113580078,-0.705755521588,-0.0732396043993,-2.22133851205,-0.133479659057
-1.69868653324,-1.49332787669,-1.71309014053,0.658965943954,1.34508046126
-0.134320091625,-0.161087202412,-0.202391561222,-0.228241886134,-0.240417370932
-0.598164583866,-1.63533192348,0.665881484203,0.711919643611,2.10334010496
3.37347771855,1.72440075166,-0.815608384688,1.06726743916,0.974674417886
0.2325487233,0.0659198827271,-0.203662410012,0.285482141795,-0.280519291566
-0.147377610412,-0.439884308564,0.211576742167,-0.0346346323973,-0.128909180593
-0.236342010308,0.0345619063587,-0.161147704391,0.0950818145965,0.101169930445
-0.147723544623,0.44679198005,0.453726438704,-1.71274308517,1.15788211743
0.307209276923,0.647985319696,-0.555144242517,0.253401772309,1.91829741689
0.108003985939,0.227808867162,-0.19516920701,0.0890871581991,0.67440595973
-1.67331335211,-0.397029425001,0.382757028763,-3.50794020935,-1.00542430032
-0.0839079870978,0.731684667802,1.56651568344,-0.679873927393,0.0715241315913
0.222244955669,0.0740350002307,-0.394950443071,0.528310658187,0.222079475388
4.43486085592,-0.0856511346894,0.723449753519,1.51813883519,1.03608610302
-1.74702095356,-1.69944799276,-0.513854208042,-0.496480195622,-1.61975362602
-2.66539928953,-3.21271180934,-1.34701097095,1.20363417727,-3.97663425302
-1.25549345044,-1.71662054873,0.513542214506,0.415212094213,0.540610154634
0.0740482842281,0.340543147277,-0.581753312325,0.439750822334,-0.925700672652
-0.375725500335,2.29298680876,-1.19321963218,-0.840566452557,-0.624023358919
-1.79489367131,0.226055609538,-1.70285558643,-2.35990842328,-4.27470118681
0.276932604165,1.1638305581,0.398140409855,0.239663748411,-1.34654823464
0.445680018007,-0.551447101829,-0.961681314847,-0.285004101606,-0.25804875454
-0.00841115677818,-0.0163018734776,-0.0948550695269,0.197691909472,0.115114932192
0.245721397309,0.178666581851,-0.0151210164004,0.0629824664504,0.0289204865535
0.367880676012,0.182584312426,-0.010369915507,0.255735305365,-0.181373674389
-0.124494031839,0.30176852289,-0.435018672275,-0.919428992481,-0.961455311696
1.47823776762,3.4671444905,-0.487302035763,-0.590327190539,0.829096000307
0.394249862135,0.689350739582,0.575836002644,0.348230843507,-0.505646233196
2.97502631043,2.56129806707,0.334042098312,-0.31347557736,-0.18273443926
-0.273170021132,-0.222409340809,0.0475286022432,0.0800193475579,0.157855745273
0.511115433921,0.747017887473,0.087342349275,0.59212078664,-0.167883858832
0.019513721896,0.300818656163,-0.255764903711,0.489084005525,-0.559503743984
0.0678124194703,-1.87300307848,-0.831512187787,0.0834071722503,0.495813569135
0.0196585435081,-0.0595791796195,-0.0138053917567,-0.0219458073985,0.0853258032495
-2.46109835909,-1.86846058267,-0.329253106161,0.189190413818,-0.22246248436
0.194383631851,0.364598493456,-0.00767366851637,0.394230913161,-0.307052967172
0.62480798046,1.21699683841,0.237565390834,0.0635773940284,-0.221844759172
0.409177267148,0.252122123642,0.328585685238,-0.651458103189,0.287466296379
-0.189043889217,-1.26976307016,0.251228967264,0.323151603355,0.944308372454
-0.00462155536925,0.00244805981381,0.00770009538246,0.0278287957753,0.0325784865246
0.329028715825,-0.174288072401,-0.548203427849,-1.98125354027,-2.31940477356
-0.0822994976741,-0.125372340045,-0.112788828961,0.0292756765275,0.00973956913865
0.949872952017,-0.373685300575,-1.43322690992,0.451610805086,-0.904399471583
-0.501019117337,-0.895878545434,-0.278489834129,-0.935378659505,-0.187882992612
-0.0223692353039,-0.344838536666,0.293191905885,-0.560653434609,0.64137794775
-0.136933901802,-0.266718945302,-0.0520652054989,-0.0139337218841,0.0486198470855
-2.19076930863,-2.50064331516,2.10988996664,-0.8750587408,2.45140718938
0.239894787219,-0.254761817143,0.474216689573,-0.315477587761,0.603404201112
0.633360852426,0.0379588873007,0.492710606435,-0.962349998174,-0.707824028501
-0.0386995512693,0.0850499943558,-0.0332227586667,-0.00064190907531,-0.130059965683
-0.327790582561,-1.50748714568,2.57525558008,-1.94665115792,4.0978122036
0.0910867444366,0.0536021943212,-0.015932349538,0.0981809397315,-0.109423131975
-1.47519730278,0.366377005617,-1.8377959295,0.0602121796853,-3.24785666827
0.287611788874,1.70685238124,0.42997628716,0.10695020566,-1.31106533565
-0.42147123385,-0.940116438551,0.516494162504,0.110718645661,1.78218914319
-0.243846618626,1.26142024128,-0.317783524239,-0.115264135221,-0.5219814603
0.126482460006,0.100217615632,0.00387876947058,-0.394690978414,-0.566834751538
-0.174262984565,-0.408726498582,0.0574459055212,0.0695910903823,-0.0977385009834
0.160442197798,-0.199040997098,0.419721536006,0.0528423153907,-0.212406263319
-0.676868417124,-0.841093863582,0.261320277637,-0.360023470414,-0.00264768675152
0.19503967116,0.389227680415,-0.618637063607,1.24475388895,-0.571933032728
0.599826351472,-0.0755443699346,0.569068613821,0.788645746525,1.42854056343
-0.102913724921,-0.0608224762596,-0.127575049818,0.0237992623795,-0.144018754276
-0.820906217886,0.530920274636,-0.142819076191,0.72406029639,0.716047645233
-1.11075958445,3.43039438699,-0.449595414386,-0.061385204157,-0.715120021421
-0.746100600126,-0.517865196546,-0.229583887009,-0.0871057383526,0.728085908619
0.911062497187,-0.114742612011,0.864345274438,1.19785594858,2.16977751954
0.897830518772,0.51931127409,0.586863724978,-0.350435989247,0.943066989132
1.18674852875,-0.149463539998,1.12589475029,1.56032521262,2.82634867199
-2.32368712323,-1.43178269964,-1.86601355199,3.69958188599,-1.63249961542
0.344209449291,0.556393909876,0.214932709032,0.10792549437,-0.388077662144
2.54898673377,2.77584336597,-0.519919690651,-1.01008313403,-0.033435747834
-0.296378055322,1.12177267305,0.116476786075,0.75137255526,-0.323858894553
0.212495680596,-1.29682385702,0.674838459503,0.47539158312,0.352923259782
-1.35371051418,-0.800049028202,-1.67810159839,0.313051653099,-1.89439943073
2.53735274548,-7.83618772031,1.02702886837,0.140224688114,1.63357739613
0.349456111629,0.16926493025,0.182160788907,0.198481774332,-0.00695417792369
-1.12578372263,-1.81976180026,-0.702966597192,-0.352984977808,1.2692606669
0.0290284147039,0.0678709572145,0.143713482032,-0.0332584109202,0.153204418919
-3.95059615577,-2.99928410737,-0.528522580444,0.30369160939,-0.357100492253
1.4576133681,2.22048012448,1.99761249475,-0.518503984504,-0.172498333249
-3.72152003946,-6.50712362378,-5.43560170618,-3.2871236922,4.77304565061
0.415721467578,-0.103247739252,0.517904431823,-0.0169682358134,0.915269935808
-0.209518673443,0.0824258110471,0.316134700195,-0.0996142658799,0.199488339095
0.865828584114,1.51391194299,1.2646174894,0.764764295784,-1.11047080595
0.0566571865707,0.170974044673,0.0863661075193,-0.302305624643,0.0989845408253
-0.856071128156,0.233084913763,-0.24793118902,0.794786381027,0.449883088018
0.939635496793,-0.826497931062,0.0488477761042,0.315442530055,-0.842713337284
-1.58983835967,-3.09667660755,-0.604490632464,-0.161774149811,0.564489121542
0.816283986903,1.82076956381,-1.0003195481,-0.214434225271,-3.45165302488
-1.16531733529,-1.42660736981,1.47125051006,-0.388125981005,-0.0362732704711
-2.17128717318,-2.07261311974,-0.796216319881,1.62989531133,1.30366703657
-0.841056394106,-3.37208123161,-2.8981977512,-1.87909933791,3.77677568319
-0.151262262234,0.366653636075,-0.528554722747,-1.11712109658,-1.16818375416
1.19274862062,0.175696904111,-1.12612953168,-1.88374581629,1.25805234042
-5.10511917523,-3.71198521158,0.314154939781,-1.30852665132,-0.600853373284
-0.763730953893,-3.20963804528,-1.09800056197,-0.660950066674,3.71354095632
-1.01302619728,-0.490676233492,-0.528059590716,-0.575371929094,0.020159225101
-0.13228313006,-0.0815086915879,-0.106228635914,0.210610226696,-0.0929351274493
-0.295760956664,0.00555946822561,-0.287014248184,0.0720591448925,-0.0263834675482
0.040383473491,2.48040610891,-2.70163995833,1.17917595453,-2.60274928002
0.79504066681,4.71822473145,1.18857657189,0.295640742531,-3.62415693309
0.737694790799,-0.912761707917,-1.59178618674,-0.471742130265,-0.427125323786
-0.230531021669,-0.315202193033,0.0942955228793,0.0762403565348,0.0992656801429
0.13831923283,-0.171595742256,0.361847205158,0.0455560234535,-0.183118106045
0.0733159661292,0.171419102664,0.362971691304,-0.083999507152,0.38694259066
0.0739395407974,0.143304074678,0.83383777857,-1.73784051246,-1.01193515347
-0.858067138242,0.554954062676,-0.149284234086,0.756837179328,0.748461810135
0.12251439216,0.147671471233,0.061915012504,-0.0553247350937,0.182784969692
0.21092473168,-0.261668497954,0.55178533813,0.0694689511121,-0.279239094905
-0.811281354938,1.00381155509,1.75057011444,0.518799372581,0.469731948404
1.17802131581,0.894351250122,0.157599218219,-0.0905572665964,0.106483167393
0.469907792729,0.175358199957,-0.034334082304,-0.435248493675,0.355468732119
-1.72758441427,-0.644692635125,0.126226945763,1.60016183098,-1.30685690016
-5.25070635065,2.22332907208,-0.248378841853,-1.3864626091,-0.521583740975
0.469635202224,0.469776509944,-0.317281114251,0.816202795966,0.836760869152
-8.14068514094,7.79770662532,-0.887676358949,4.09345355362,1.14907026984
0.0140439805116,0.193707060465,-0.241819522256,0.054254954518,0.0983920739328
0.0532242669972,0.335493178524,0.408456714165,0.594785667619,0.548698507292
-0.198547173145,-0.0479071592504,0.320187535132,-0.379678429291,0.313602020682
1.00811903206,1.02315960657,-0.484470641422,2.34201472118,0.221138485491
-0.468206773334,-0.738188142417,0.116460721174,-1.25177179503,-0.90766373572
1.27513134482,-0.287043814163,-0.0532762692671,0.201979758007,0.541151118135
1.13014667936,-0.0335654562992,0.110621274931,-1.04928380662,1.38993720756
1.12134756695,-0.252425668876,-0.0468510284542,0.177620533865,0.47588704657
-0.185304018262,1.01316933129,-0.635365715259,-0.0258120012704,0.0468280390474
0.531804061382,1.64042088656,-0.286880005541,0.707557770916,1.37172367946
0.0835729799063,0.102232879743,-0.827731224836,0.864477492637,-0.0488562619583
0.455402879529,-0.251772703299,-0.301311614662,0.310346346922,-0.226250308035
0.922460955682,1.26281773768,-2.48083776445,1.05041641317,0.595095549393
-0.696145954429,-0.777148509749,0.825277628808,-0.0563411989664,0.954552784553
-0.90973385378,1.22054309051,0.110699149804,-0.57751566322,0.227706862736
0.656668007814,-0.147822018781,-0.0274362494073,0.104015673247,0.278682371128
-1.08833256303,1.35017808109,0.413554061826,0.117934057223,0.868124426153
-3.73585983555,2.06539653618,2.47178489597,-2.5459005744,1.85602567872
0.340343543629,0.573621126336,-0.345237333227,-0.950212105693,-0.491363975535
1.17654732274,-0.163704791098,0.178222936142,-0.918356941051,1.06558605946
0.779041926234,0.71152026547,0.885418437523,0.48951247842,0.108932913812
-0.063992617089,0.0450742679447,0.0308549587541,0.0173126766419,0.021268521463
1.21287495828,-0.702129964789,0.749706452884,0.393187479996,-0.737007348152
-2.30221734499,0.320330514751,-0.348738998362,1.79700147857,-2.08509310355
3.36053611307,-1.58448788322,2.16423458496,1.00679961993,-2.27187008593
0.324926084458,-0.0430806179902,0.175149195848,0.231149215578,0.0262581097284
-1.46633991646,0.632266496867,-0.963818850021,-2.02667342989,-1.29936552277
-0.283782955544,0.156891414348,0.187761440237,-0.193391406885,0.140987209333
-0.992015531974,-1.22370774792,-1.13795061345,0.437029443537,-0.0106649720938
0.472375209283,-0.602777652659,0.814763952263,-1.78231361782,-0.67031153718
0.397200638446,0.629383097826,0.415749340599,1.0500779609,-0.0249638308435
-1.19741454795,-1.33674400544,1.4195290981,-0.0969103833215,1.64189044516
-0.240054880102,0.0678887716601,0.325175973541,-0.154108712848,0.32737209356
-0.488727875085,-2.50672690653,-2.90052037705,0.401088031237,-1.23807230203
-0.814481407133,0.198918535791,-0.131255239847,-0.159173134748,0.227723627638
-1.13719481337,-1.40279467323,-1.3044871716,0.500987737048,-0.0122257671971
0.250657609231,0.296833802768,-0.839620202142,-0.0846732620024,-0.772721617905
-0.564194469381,0.71574346812,1.42802791193,0.460473941032,0.0783746550823
0.11106943954,-0.0699215192973,0.0536984613398,-0.0190199761056,-0.234986868791
0.935828353852,-0.470648952847,1.1469446656,0.550757788572,0.223099331105
-0.48008675119,0.363170458975,-0.297232492259,-0.477262063766,0.247901266165
-0.213563428289,0.264945357323,0.0811516867422,0.0231421924033,0.170351999865
0.622272573621,0.459141456476,0.901478837126,-1.38795904012,1.13822871417
0.660438615354,-1.17875359426,0.560347355706,0.0600978378269,-0.735956202413
-0.00198397522672,0.000655698957758,0.00573961211262,-0.00171934432213,0.00400453667014
0.543494123415,1.2004449301,0.0582898807235,-0.667957425532,0.287989888649
0.325507718715,0.26647441793,1.63558828012,-0.451623916992,-1.31165970374
0.0935523830875,0.0454940027843,-0.0061721346128,0.0723427946108,0.0158097771857
2.71067733054,-0.662021208675,0.436830847276,0.529744453604,-0.757887497075
-0.355305242125,-1.88299287033,-1.20035063236,-0.639365160297,-0.960039785837
1.28486142187,0.419463097308,-1.49409592509,-0.0484148530492,-0.673986712117
0.00547565052691,0.0307080034374,0.0131436469561,0.0111083068464,-0.00545309833408
-3.09714935344,0.430937352118,-0.469154993403,2.41748763626,-2.80505434102
0.19724212101,0.119952971141,-0.149455373163,-0.0336378450843,-0.316807108539
-2.42060116637,0.684558630067,3.27892247178,-1.55396020238,3.30106711919
0.054013767525,-0.0500161290372,0.147793079232,0.0290594578357,0.0098311913018
0.415330059479,0.491842243836,-1.39121852141,-0.140300352547,-1.28037012923
0.418554734424,-0.747038235088,0.355121631595,0.0380871650542,-0.466414206692
0.984083729016,0.0034470773592,1.88662826787,-1.33860688799,-0.584160373123
-0.603856432229,-0.956838925148,-0.632055664609,-1.59641317172,0.0379520281913
0.700477454103,0.710928187603,-0.336627670642,1.62731627635,0.153654993503
1.81662909549,-1.05164156795,1.12290104276,0.588911339348,-1.10388048092
0.128078459619,0.67877080806,0.432695726851,0.230474800696,0.346069808055
-0.702844572823,-0.341789400736,0.0463702919388,-0.543500217707,-0.118776408743
-2.48754997672,1.44003581379,-1.53761297213,-0.806409185083,1.51156770055
-0.583258994687,-0.173861411106,-0.780876933625,-0.387904435527,-1.41271906003
0.635543041916,-0.0951815980661,0.862484892001,-0.647774601025,-0.243178702991
0.00535041785244,-0.00978997620819,0.0544109122522,-0.0322242560772,0.027573039232
-1.48254572369,-0.911297821003,0.911818913281,-1.35975506704,-0.195145360958
-0.059268726863,-1.53991636353,2.85930681211,-1.42416661309,-2.8517601231
0.116336573719,-0.110143681094,0.135351195712,-0.283337277214,-0.0993690879118
0.231408685408,-0.546455374559,-1.77340443174,-0.386407662768,-0.144869722197
0.682367853687,-0.395020866589,0.421787571471,0.221208703329,-0.414643009057
-0.168174529374,-0.256933425082,-0.373414794141,0.584511857553,-0.51219939236
-0.719066712017,-0.589654122503,-0.674027509566,0.305083041631,-0.00868541286221
1.90086316493,-1.20380211892,-0.513009179835,2.42964180735,1.88199112809
0.00394895913046,0.102601609749,-0.190510009918,0.0948894306955,0.190007188817
0.665905367738,-1.44036001917,0.614715176326,0.18632722769,-1.02255582587
-1.37915739332,0.58398252021,-0.0652395112598,-0.364170081167,-0.136999867172
-1.50686782427,0.407469429068,-0.0454275866897,-0.0689030917613,-0.509476755705
-0.733307743022,0.354982873377,0.539499792397,0.0853553381748,0.055723001273
-0.11653305021,0.981580412406,0.190183509938,0.548491283329,0.507591515002
1.14308214133,1.0440081352,1.29916756654,0.71825784107,0.159836414689
-0.000574967832201,0.482971709313,0.515661290108,0.197409358207,-0.409960400463
0.109455627587,0.0357335007371,-0.12728003532,-0.00412439663519,-0.0574160273665
-0.193263220015,0.189052409545,0.22650829802,-0.450728469292,-0.477623601472
-0.973541102458,-1.48735513543,-2.16165106402,3.38366529296,-2.9650575683
0.536945970276,-0.340043780474,-0.144912173012,0.686312619312,0.531615095168
1.47589865773,-1.41371697129,0.160934899703,-0.742139328652,-0.208325373053
1.18770196191,0.00416031727959,2.27699333814,-1.61558003675,-0.705029867655
-0.496988474247,-0.304293797615,-0.373834337105,-0.761267868096,0.0672454919033
-0.19023971024,-1.1991546088,-1.45994846585,-2.12594478884,-1.9612152675
-3.00272473156,1.66007760801,1.98671523155,-2.04628625145,1.49179424637
-0.0698665590497,0.0661473838631,-0.0812858932092,0.17015973547,0.0596766436073
1.09968024829,-0.63660185969,0.679738148295,0.356492235803,-0.66822422054
-0.363855156432,0.461590755832,0.920950749221,0.296964658358,0.0505446684306
0.291255867247,-0.0711326129069,0.0469364412467,0.0569197884659,-0.0814332188304
