0.0,0.0,0.0,0.0,0.0,0.0,0.0,0.0,0.0,0.0,0.0,-0.385905749992,0.0,-0.385905749992,0.0
0.0,0.0,-0.451477177157,-0.451477177157,0.0,0.0,0.0,0.0,0.0,0.0,0.0,0.0,0.0,0.0,0.0
0.0,0.0,0.0,0.0,0.0,0.91240174597,0.0,0.0,0.0,0.0,0.0,0.91240174597,0.0,0.0,0.0
0.0,0.0,0.0,0.298827285513,0.0,0.0,0.0,0.0,0.0,0.0,0.0,0.0,0.0,0.0,0.298827285513
0.464853160056,0.0,0.0,0.0,0.0,0.0,0.0,0.0,0.0,0.464853160056,0.0,0.0,0.0,0.0,0.0
0.0,0.0,0.0,0.0,0.0,0.0,-1.24254493665,0.0,0.0,-1.24254493665,0.0,0.0,0.0,0.0,0.0
0.0,0.0,0.0,0.0,0.0,1.6491093313,1.6491093313,0.0,0.0,0.0,0.0,0.0,0.0,0.0,0.0
0.0,0.0,0.0,0.0,0.0,0.0,0.0,0.0,0.0935554042573,0.0935554042573,0.0,0.0,0.0,0.0,0.0
0.0,0.0,0.0,0.0,0.0,0.0,0.0,0.0,-0.825570465345,0.0,0.0,0.0,0.0,0.0,-0.825570465345
0.0,0.0,0.0,0.0,0.0,0.0,-1.15465385388,0.0,0.0,0.0,0.0,0.0,-1.15465385388,0.0,0.0
-1.44174611135,0.0,0.0,0.0,0.0,0.0,0.0,0.0,0.0,0.0,0.0,0.0,0.0,-1.44174611135,0.0
0.0,0.0,0.163746274877,0.163746274877,0.0,0.0,0.0,0.0,0.0,0.0,0.0,0.0,0.0,0.0,0.0
0.0,-0.482453548689,0.0,0.0,0.0,0.0,-0.482453548689,0.0,0.0,0.0,0.0,0.0,0.0,0.0,0.0
0.0,0.0,0.0,0.0293411975382,0.0,0.0,0.0,0.0,0.0,0.0,0.0,0.0293411975382,0.0,0.0,0.0
0.0,0.0,0.0,0.0,-0.905191459645,0.0,0.0,0.0,0.0,0.0,0.0,-0.905191459645,0.0,0.0,0.0
0.0,0.0,0.0,-1.06366499753,0.0,0.0,0.0,0.0,0.0,0.0,0.0,-1.06366499753,0.0,0.0,0.0
0.0,0.0,0.0,0.0,0.0,0.0,0.0,0.0,0.0,0.0,0.0,-0.976130026447,0.0,-0.976130026447,0.0
0.0,0.0,0.0,0.0,0.234686011657,0.0,0.0,0.234686011657,0.0,0.0,0.0,0.0,0.0,0.0,0.0
0.0,0.0,0.0,0.0,0.0,0.0,0.0,1.50599785397,0.0,0.0,0.0,1.50599785397,0.0,0.0,0.0
0.0,0.0,0.0,0.0,0.0,-0.331638324502,-0.331638324502,0.0,0.0,0.0,0.0,0.0,0.0,0.0,0.0
0.0,0.0,0.0,0.0,0.0,0.281972563667,0.0,0.0,0.0,0.0,0.0,0.0,0.0,0.281972563667,0.0
0.0,0.767018681516,0.767018681516,0.0,0.0,0.0,0.0,0.0,0.0,0.0,0.0,0.0,0.0,0.0,0.0
0.0,0.0,0.0,0.0,0.0,0.0,2.26161238285,0.0,2.26161238285,0.0,0.0,0.0,0.0,0.0,0.0
0.0,0.0,0.0,0.0,0.0,0.0,0.0,0.0,0.0,0.0,0.0,-0.699717588268,0.0,0.0,-0.699717588268
0.0,0.0,0.0,0.0,0.0,0.0,0.0,0.0,0.0,0.0,0.0,0.70569587899,0.70569587899,0.0,0.0
0.0,0.0,0.0,-1.43915593422,0.0,0.0,0.0,0.0,-1.43915593422,0.0,0.0,0.0,0.0,0.0,0.0
0.0,0.374787143518,0.374787143518,0.0,0.0,0.0,0.0,0.0,0.0,0.0,0.0,0.0,0.0,0.0,0.0
0.0,0.0241881699962,0.0,0.0,0.0,0.0,0.0,0.0,0.0,0.0241881699962,0.0,0.0,0.0,0.0,0.0
0.0,0.0,0.129223062032,0.0,0.0,0.0,0.129223062032,0.0,0.0,0.0,0.0,0.0,0.0,0.0,0.0
0.0,0.0,0.0,0.0,0.0,0.0,0.0,0.0,0.0,0.0,0.0,0.0,1.2873350607,1.2873350607,0.0
0.0,0.0,0.0,0.0,0.0,-0.675551070086,0.0,-0.675551070086,0.0,0.0,0.0,0.0,0.0,0.0,0.0
0.0,0.0,0.0,-0.647088525624,0.0,0.0,0.0,0.0,0.0,-0.647088525624,0.0,0.0,0.0,0.0,0.0
0.0481988446389,0.0,0.0,0.0,0.0,0.0481988446389,0.0,0.0,0.0,0.0,0.0,0.0,0.0,0.0,0.0
0.0,0.0,0.0,-0.855595838443,0.0,0.0,-0.855595838443,0.0,0.0,0.0,0.0,0.0,0.0,0.0,0.0
0.0,1.5884025241,0.0,0.0,0.0,0.0,0.0,0.0,0.0,0.0,0.0,0.0,0.0,1.5884025241,0.0
0.0,0.0,0.0,-1.21048190754,0.0,0.0,0.0,0.0,0.0,0.0,0.0,0.0,0.0,-1.21048190754,0.0
0.0,0.0,0.0,0.0,0.0,0.0,-0.686961135374,0.0,0.0,0.0,0.0,-0.686961135374,0.0,0.0,0.0
0.0,-0.497568822663,-0.497568822663,0.0,0.0,0.0,0.0,0.0,0.0,0.0,0.0,0.0,0.0,0.0,0.0
0.0,0.0,0.0,-0.320409437798,0.0,0.0,0.0,0.0,-0.320409437798,0.0,0.0,0.0,0.0,0.0,0.0
0.0,0.0,-0.142098564495,0.0,0.0,0.0,0.0,0.0,0.0,0.0,0.0,0.0,0.0,-0.142098564495,0.0
-1.20628639661,0.0,0.0,0.0,0.0,0.0,0.0,0.0,0.0,-1.20628639661,0.0,0.0,0.0,0.0,0.0
-0.237601061184,0.0,0.0,0.0,0.0,0.0,0.0,0.0,-0.237601061184,0.0,0.0,0.0,0.0,0.0,0.0
1.24568538783,0.0,0.0,0.0,0.0,0.0,0.0,0.0,0.0,0.0,0.0,0.0,1.24568538783,0.0,0.0
0.0,1.97840088482,0.0,1.97840088482,0.0,0.0,0.0,0.0,0.0,0.0,0.0,0.0,0.0,0.0,0.0
0.0,0.0,0.0,0.0,0.0,0.900252862432,0.0,0.0,0.900252862432,0.0,0.0,0.0,0.0,0.0,0.0
0.0,0.0,0.0,0.0,0.0,0.0,0.0,0.0,0.0,0.0,0.0,-2.00895532409,-2.00895532409,0.0,0.0
-0.540176905932,0.0,0.0,0.0,-0.540176905932,0.0,0.0,0.0,0.0,0.0,0.0,0.0,0.0,0.0,0.0
0.0,0.0,0.0,0.0,0.0,0.0,0.0,0.0,0.0,0.0,0.570662202177,0.570662202177,0.0,0.0,0.0
0.0,0.0,0.0,0.086345903036,0.0,0.0,0.0,0.0,0.0,0.0,0.0,0.0,0.0,0.086345903036,0.0
0.0,0.823461933244,0.0,0.0,0.0,0.0,0.0,0.0,0.0,0.0,0.0,0.0,0.0,0.0,0.823461933244
0.0,0.0,0.0,0.0,0.0,0.0,0.0,0.0,0.873072898382,0.0,0.873072898382,0.0,0.0,0.0,0.0
0.0,0.0,0.0,0.0,0.0,0.0,-0.46353011372,0.0,0.0,0.0,0.0,0.0,0.0,0.0,-0.46353011372
0.0,0.0126892390919,0.0,0.0,0.0,0.0,0.0,0.0,0.0126892390919,0.0,0.0,0.0,0.0,0.0,0.0
0.0,0.0,-0.443209761982,0.0,0.0,0.0,0.0,0.0,0.0,0.0,0.0,0.0,0.0,-0.443209761982,0.0
0.0,-0.91369798311,0.0,0.0,0.0,0.0,0.0,0.0,0.0,0.0,0.0,0.0,0.0,-0.91369798311,0.0
0.0,0.0,0.0,0.0,0.0,0.0,0.0,-1.37367452607,0.0,0.0,0.0,0.0,0.0,-1.37367452607,0.0
0.0,0.0,-0.00961926324793,0.0,0.0,0.0,0.0,0.0,0.0,0.0,0.0,0.0,0.0,-0.00961926324793,0.0
-1.35150095012,0.0,0.0,0.0,-1.35150095012,0.0,0.0,0.0,0.0,0.0,0.0,0.0,0.0,0.0,0.0
-0.350105283376,0.0,0.0,0.0,0.0,0.0,0.0,0.0,0.0,0.0,0.0,-0.350105283376,0.0,0.0,0.0
0.0,0.0,0.0,0.0,0.0,1.08015826388,1.08015826388,0.0,0.0,0.0,0.0,0.0,0.0,0.0,0.0
0.0,0.0,0.0,0.0,0.0,0.0,-0.172338944345,0.0,0.0,-0.172338944345,0.0,0.0,0.0,0.0,0.0
0.0572518093497,0.0,0.0,0.0,0.0,0.0,0.0,0.0,0.0,0.0,0.0572518093497,0.0,0.0,0.0,0.0
0.833813011585,0.0,0.0,0.0,0.0,0.0,0.0,0.0,0.0,0.0,0.0,0.0,0.833813011585,0.0,0.0
0.0,0.0,0.0,0.0,0.0,0.0,0.0,0.0,-0.75609339176,-0.75609339176,0.0,0.0,0.0,0.0,0.0
0.0,1.86784299129,1.86784299129,0.0,0.0,0.0,0.0,0.0,0.0,0.0,0.0,0.0,0.0,0.0,0.0
1.9208015462,0.0,0.0,0.0,0.0,1.9208015462,0.0,0.0,0.0,0.0,0.0,0.0,0.0,0.0,0.0
0.0,0.0,-0.759723532685,0.0,0.0,0.0,0.0,0.0,-0.759723532685,0.0,0.0,0.0,0.0,0.0,0.0
0.628118006471,0.0,0.0,0.0,0.0,0.0,0.0,0.628118006471,0.0,0.0,0.0,0.0,0.0,0.0,0.0
0.0,0.0,0.0,0.0,0.0,1.24786882867,0.0,0.0,0.0,1.24786882867,0.0,0.0,0.0,0.0,0.0
-0.340966689309,0.0,0.0,0.0,0.0,0.0,0.0,0.0,0.0,0.0,-0.340966689309,0.0,0.0,0.0,0.0
0.0,0.798332292588,0.0,0.0,0.0,0.798332292588,0.0,0.0,0.0,0.0,0.0,0.0,0.0,0.0,0.0
0.0,0.0,0.0,0.0,0.0,-1.21246844442,0.0,0.0,0.0,0.0,0.0,0.0,-1.21246844442,0.0,0.0
0.0,0.0,0.0,0.0,0.0,0.0,0.187162868491,0.187162868491,0.0,0.0,0.0,0.0,0.0,0.0,0.0
0.0,0.0,0.0,0.0,0.0,1.33165517287,0.0,0.0,0.0,0.0,0.0,0.0,0.0,0.0,1.33165517287
-0.620312251398,0.0,0.0,0.0,0.0,0.0,0.0,0.0,0.0,0.0,-0.620312251398,0.0,0.0,0.0,0.0
0.0,0.0,0.0,0.0,0.0,0.0,-1.31356600929,0.0,0.0,0.0,0.0,0.0,0.0,0.0,-1.31356600929
0.0,0.0,0.0,0.0,0.0,0.0,-0.58323931282,0.0,0.0,0.0,0.0,0.0,-0.58323931282,0.0,0.0
0.0,0.0,0.0,0.0,0.0,-0.295682112466,0.0,0.0,0.0,0.0,0.0,-0.295682112466,0.0,0.0,0.0
0.0,0.0,-1.15937962133,0.0,0.0,0.0,0.0,0.0,0.0,0.0,0.0,0.0,0.0,-1.15937962133,0.0
0.748382400496,0.0,0.0,0.0,0.0,0.0,0.0,0.0,0.748382400496,0.0,0.0,0.0,0.0,0.0,0.0
0.0,0.0,0.0,0.0,0.0,0.0,0.0,0.0,0.0,-0.625299679498,0.0,-0.625299679498,0.0,0.0,0.0
0.0,0.0,0.0,0.0,0.0,0.0,0.0,-0.935867777256,0.0,-0.935867777256,0.0,0.0,0.0,0.0,0.0
-0.443906584572,0.0,0.0,0.0,0.0,0.0,0.0,0.0,0.0,-0.443906584572,0.0,0.0,0.0,0.0,0.0
0.0,0.0,1.40509347882,0.0,0.0,0.0,0.0,0.0,0.0,0.0,0.0,0.0,0.0,1.40509347882,0.0
0.0,0.0,0.0,0.0,0.0,0.0,0.171492595324,0.0,0.171492595324,0.0,0.0,0.0,0.0,0.0,0.0
0.0,0.0,0.0,0.0,0.0,0.0452904653481,0.0,0.0,0.0,0.0,0.0,0.0452904653481,0.0,0.0,0.0
0.0,-0.364817120325,0.0,0.0,0.0,0.0,0.0,-0.364817120325,0.0,0.0,0.0,0.0,0.0,0.0,0.0
0.0,0.0794940124426,0.0,0.0,0.0,0.0,0.0,0.0,0.0,0.0,0.0,0.0,0.0,0.0,0.0794940124426
0.0,0.0,0.773395437097,0.0,0.773395437097,0.0,0.0,0.0,0.0,0.0,0.0,0.0,0.0,0.0,0.0
0.0,0.0,-1.94329777107,0.0,0.0,0.0,0.0,-1.94329777107,0.0,0.0,0.0,0.0,0.0,0.0,0.0
1.58046587643,0.0,0.0,1.58046587643,0.0,0.0,0.0,0.0,0.0,0.0,0.0,0.0,0.0,0.0,0.0
0.0,0.390936158837,0.0,0.0,0.0,0.0,0.0,0.0,0.0,0.0,0.0,0.0,0.0,0.390936158837,0.0
0.0,0.0,0.0,0.0,0.0,0.229727674463,0.0,0.0,0.0,0.0,0.0,0.229727674463,0.0,0.0,0.0
0.0,0.0,0.0,0.0,0.0,0.0,-2.36129537832,0.0,0.0,0.0,0.0,0.0,-2.36129537832,0.0,0.0
0.0,0.0,0.0,-0.479356984253,0.0,0.0,0.0,0.0,0.0,0.0,-0.479356984253,0.0,0.0,0.0,0.0
0.0,0.0,0.0,0.0,0.0,0.0,0.0,0.0,0.0,2.22187249815,2.22187249815,0.0,0.0,0.0,0.0
0.0,0.0,0.0,0.0,0.0,0.0,0.703643381792,0.0,0.0,0.0,0.0,0.0,0.0,0.0,0.703643381792
0.0,0.0,0.213663390226,0.0,0.0,0.0,0.0,0.213663390226,0.0,0.0,0.0,0.0,0.0,0.0,0.0
0.0,0.0,0.0,0.124089001453,0.0,0.0,0.124089001453,0.0,0.0,0.0,0.0,0.0,0.0,0.0,0.0
0.0,0.0,0.0,0.0,0.0,0.0,0.0,0.0,0.0,0.0,0.0,0.0,0.128176323059,0.0,0.128176323059
0.0,0.0,0.0,0.0,0.0,0.0,0.0,0.0,0.12324812627,0.0,0.0,0.0,0.12324812627,0.0,0.0
0.0,0.0,0.0,0.0,0.0,-0.261112266987,-0.261112266987,0.0,0.0,0.0,0.0,0.0,0.0,0.0,0.0
0.0,0.0,0.0,0.0,0.0,0.0,0.0,0.0,0.0,0.0,-1.29366721076,0.0,0.0,-1.29366721076,0.0
0.0,0.0,-0.271740862894,-0.271740862894,0.0,0.0,0.0,0.0,0.0,0.0,0.0,0.0,0.0,0.0,0.0
0.0,-0.444447596132,0.0,-0.444447596132,0.0,0.0,0.0,0.0,0.0,0.0,0.0,0.0,0.0,0.0,0.0
0.0,0.0,0.0,0.0,0.0,0.601232484376,0.0,0.0,0.0,0.0,0.601232484376,0.0,0.0,0.0,0.0
0.0,0.0,-0.49837656976,0.0,0.0,-0.49837656976,0.0,0.0,0.0,0.0,0.0,0.0,0.0,0.0,0.0
0.0,0.0,0.0,0.0,0.211323976024,0.0,0.211323976024,0.0,0.0,0.0,0.0,0.0,0.0,0.0,0.0
0.0,0.0,0.0,0.0,0.0,0.0,0.0,1.23542307513,0.0,0.0,0.0,0.0,0.0,1.23542307513,0.0
0.0,0.0,0.0,0.0,0.0,0.0,0.0,-0.156349169959,0.0,0.0,0.0,-0.156349169959,0.0,0.0,0.0
-0.019777634034,0.0,0.0,0.0,0.0,0.0,-0.019777634034,0.0,0.0,0.0,0.0,0.0,0.0,0.0,0.0
0.0,0.974419527487,0.0,0.0,0.0,0.0,0.0,0.0,0.0,0.0,0.974419527487,0.0,0.0,0.0,0.0
0.0,0.0,0.0,-1.00792912597,0.0,0.0,0.0,-1.00792912597,0.0,0.0,0.0,0.0,0.0,0.0,0.0
0.0,1.36058587251,0.0,0.0,0.0,0.0,0.0,0.0,1.36058587251,0.0,0.0,0.0,0.0,0.0,0.0
0.0,0.0,0.0,0.0,0.0,0.0,0.0,0.0,0.0,-0.209991304826,0.0,0.0,-0.209991304826,0.0,0.0
-0.565608012967,0.0,0.0,0.0,0.0,0.0,0.0,0.0,0.0,0.0,0.0,0.0,-0.565608012967,0.0,0.0
0.0,0.0,0.0,0.0,0.0,0.0,0.0,1.05964446045,0.0,0.0,0.0,0.0,1.05964446045,0.0,0.0
0.0,0.0,0.0,0.0,0.0,-1.18623944988,0.0,0.0,-1.18623944988,0.0,0.0,0.0,0.0,0.0,0.0
0.0,0.0,0.0,0.0,-0.352664866597,0.0,-0.352664866597,0.0,0.0,0.0,0.0,0.0,0.0,0.0,0.0
0.0,0.0,0.0,0.0,0.349656057237,0.0,0.0,0.0,0.0,0.0,0.0,0.0,0.349656057237,0.0,0.0
-1.85391333497,0.0,0.0,0.0,0.0,-1.85391333497,0.0,0.0,0.0,0.0,0.0,0.0,0.0,0.0,0.0
0.0,0.0,0.0,0.0,0.0,0.0,0.0,-0.0552479179811,0.0,-0.0552479179811,0.0,0.0,0.0,0.0,0.0
0.0,0.0,0.0,1.22158732359,0.0,0.0,0.0,0.0,0.0,0.0,0.0,1.22158732359,0.0,0.0,0.0
0.0,0.0,0.0,0.0,0.0,0.0,0.0,0.0,0.0,-1.21907911206,-1.21907911206,0.0,0.0,0.0,0.0
-1.45808390853,0.0,0.0,0.0,0.0,0.0,0.0,0.0,0.0,0.0,0.0,0.0,-1.45808390853,0.0,0.0
0.0,0.0,0.0,0.862465364696,0.0,0.862465364696,0.0,0.0,0.0,0.0,0.0,0.0,0.0,0.0,0.0
0.0,0.0,0.0,0.0,0.0,0.0,0.0,0.0,0.0,0.0,0.0,0.365034112962,0.0,0.0,0.365034112962
0.0,0.0,0.0,0.0,0.0,-1.25077149376,0.0,-1.25077149376,0.0,0.0,0.0,0.0,0.0,0.0,0.0
0.0,0.0,0.0,0.364352892248,0.0,0.0,0.0,0.0,0.0,0.0,0.0,0.0,0.0,0.364352892248,0.0
0.0,-0.468880512637,0.0,0.0,0.0,0.0,0.0,0.0,0.0,-0.468880512637,0.0,0.0,0.0,0.0,0.0
0.0,0.0,0.0,0.0,0.0,0.0,-0.302056274092,0.0,0.0,0.0,-0.302056274092,0.0,0.0,0.0,0.0
0.0,0.0,0.0,0.0,-0.161702838695,0.0,-0.161702838695,0.0,0.0,0.0,0.0,0.0,0.0,0.0,0.0
0.0,0.0,0.0,0.0,0.0,0.0,0.0,0.0,0.0,1.04783077051,0.0,0.0,1.04783077051,0.0,0.0
0.922949705426,0.0,0.922949705426,0.0,0.0,0.0,0.0,0.0,0.0,0.0,0.0,0.0,0.0,0.0,0.0
0.406696029491,0.0,0.0,0.0,0.0,0.406696029491,0.0,0.0,0.0,0.0,0.0,0.0,0.0,0.0,0.0
0.0,0.0,0.0,0.0,0.0,0.0,0.0,0.868185397675,0.0,0.0,0.0,0.0,0.0,0.0,0.868185397675
0.0,0.0,0.0,0.0,0.0,0.0,0.0,-0.421225677446,0.0,0.0,-0.421225677446,0.0,0.0,0.0,0.0
0.0,0.0,0.0,0.0,2.19026402546,0.0,0.0,0.0,0.0,2.19026402546,0.0,0.0,0.0,0.0,0.0
0.0,0.962048496219,0.962048496219,0.0,0.0,0.0,0.0,0.0,0.0,0.0,0.0,0.0,0.0,0.0,0.0
0.0,0.0,0.0,0.0,1.31135640718,0.0,0.0,1.31135640718,0.0,0.0,0.0,0.0,0.0,0.0,0.0
0.0,0.0,0.0,0.0,0.0,0.0,0.0,0.0,0.447493783167,0.447493783167,0.0,0.0,0.0,0.0,0.0
0.0,0.0,0.0,0.0,0.0,0.0,1.07643724391,0.0,0.0,0.0,0.0,0.0,0.0,1.07643724391,0.0
0.0,0.0,1.26075655255,0.0,0.0,1.26075655255,0.0,0.0,0.0,0.0,0.0,0.0,0.0,0.0,0.0
0.100668652295,0.0,0.0,0.0,0.100668652295,0.0,0.0,0.0,0.0,0.0,0.0,0.0,0.0,0.0,0.0
0.0,0.0,0.0,0.0,0.0,0.0,0.0,0.0,0.0,0.0,0.0,0.254292879615,0.254292879615,0.0,0.0
0.0,0.0,0.0,0.0,1.42896270236,0.0,0.0,0.0,0.0,0.0,0.0,0.0,1.42896270236,0.0,0.0
0.0,0.0,0.858253464675,0.858253464675,0.0,0.0,0.0,0.0,0.0,0.0,0.0,0.0,0.0,0.0,0.0
0.0,0.0,0.0,0.0,0.0,0.0,0.0,0.0,-1.0315767571,0.0,0.0,0.0,0.0,-1.0315767571,0.0
0.0,0.0,0.0,-0.435106088429,0.0,0.0,0.0,0.0,0.0,0.0,0.0,-0.435106088429,0.0,0.0,0.0
0.0,0.0,0.0,0.0,0.0,0.0,1.3184062899,0.0,0.0,0.0,0.0,0.0,0.0,1.3184062899,0.0
0.0,0.0,0.0,0.0,0.0,0.0,0.126335818065,0.0,0.0,0.0,0.0,0.0,0.0,0.0,0.126335818065
-0.0202920712389,0.0,0.0,0.0,0.0,0.0,0.0,0.0,0.0,0.0,-0.0202920712389,0.0,0.0,0.0,0.0
0.0,0.0,0.0,0.0,0.0451137775318,0.0,0.0,0.0,0.0,0.0,0.0451137775318,0.0,0.0,0.0,0.0
0.0,0.0,0.0,0.0,0.0,0.0,1.80813498228,0.0,0.0,0.0,0.0,1.80813498228,0.0,0.0,0.0
0.0,0.0,0.0,0.0,-0.803955859131,0.0,0.0,0.0,0.0,0.0,0.0,0.0,-0.803955859131,0.0,0.0
0.0,0.0,-0.719362633554,0.0,0.0,-0.719362633554,0.0,0.0,0.0,0.0,0.0,0.0,0.0,0.0,0.0
0.0,0.0,0.0,0.0,0.0,0.0,-1.5076850063,0.0,0.0,0.0,-1.5076850063,0.0,0.0,0.0,0.0
0.0,0.895250224297,0.0,0.0,0.0,0.0,0.0,0.0,0.0,0.0,0.895250224297,0.0,0.0,0.0,0.0
1.09237162534,0.0,0.0,0.0,1.09237162534,0.0,0.0,0.0,0.0,0.0,0.0,0.0,0.0,0.0,0.0
-1.15433351754,0.0,0.0,0.0,0.0,0.0,0.0,0.0,-1.15433351754,0.0,0.0,0.0,0.0,0.0,0.0
-0.25223877526,0.0,0.0,0.0,0.0,0.0,0.0,0.0,-0.25223877526,0.0,0.0,0.0,0.0,0.0,0.0
-1.3888626355,0.0,0.0,0.0,0.0,0.0,0.0,0.0,0.0,0.0,0.0,0.0,0.0,0.0,-1.3888626355
0.0,2.30023664454,0.0,0.0,0.0,0.0,0.0,2.30023664454,0.0,0.0,0.0,0.0,0.0,0.0,0.0
0.0,0.0,0.0,0.0,0.0,0.0,0.0,-1.74900414778,0.0,-1.74900414778,0.0,0.0,0.0,0.0,0.0
0.0,0.0,0.0,0.0,0.0,-1.82834711028,0.0,0.0,0.0,0.0,0.0,-1.82834711028,0.0,0.0,0.0
-0.959892188771,0.0,0.0,0.0,-0.959892188771,0.0,0.0,0.0,0.0,0.0,0.0,0.0,0.0,0.0,0.0
0.0,0.0,-0.84588769769,0.0,0.0,0.0,0.0,0.0,0.0,0.0,0.0,0.0,0.0,0.0,-0.84588769769
0.0,0.0,0.0,0.0,0.0,0.0,0.0,0.497477176389,0.0,0.0,0.0,0.0,0.497477176389,0.0,0.0
0.0,0.0,0.0,0.0,0.0,0.0,0.0,0.0,-2.06809477316,-2.06809477316,0.0,0.0,0.0,0.0,0.0
0.0,0.0,0.0,0.0,0.0,0.0,0.0,-1.02442157659,0.0,0.0,0.0,0.0,-1.02442157659,0.0,0.0
0.0,0.0,0.0,0.0,0.0,-0.896667251496,0.0,0.0,-0.896667251496,0.0,0.0,0.0,0.0,0.0,0.0
0.0,0.0,0.0,0.0,0.568091535113,0.0,0.0,0.0,0.0,0.568091535113,0.0,0.0,0.0,0.0,0.0
0.0,0.0,0.0,0.0,-1.05782488973,0.0,0.0,0.0,0.0,0.0,-1.05782488973,0.0,0.0,0.0,0.0
-0.174510785532,0.0,0.0,-0.174510785532,0.0,0.0,0.0,0.0,0.0,0.0,0.0,0.0,0.0,0.0,0.0
0.0,0.0,0.0,0.0,0.0,0.0,0.0,0.0,1.42883306362,0.0,0.0,0.0,0.0,0.0,1.42883306362
0.618348359747,0.0,0.0,0.0,0.0,0.0,0.0,0.0,0.0,0.0,0.618348359747,0.0,0.0,0.0,0.0
0.0,0.0,0.0,-0.97134994082,0.0,0.0,0.0,0.0,-0.97134994082,0.0,0.0,0.0,0.0,0.0,0.0
0.0,0.0,0.0,0.0,0.379329150999,0.0,0.0,0.0,0.0,0.0,0.379329150999,0.0,0.0,0.0,0.0
-0.0296190152366,0.0,-0.0296190152366,0.0,0.0,0.0,0.0,0.0,0.0,0.0,0.0,0.0,0.0,0.0,0.0
0.0,1.03854595233,0.0,0.0,0.0,0.0,0.0,0.0,0.0,0.0,0.0,1.03854595233,0.0,0.0,0.0
0.0,0.0,0.0,0.0,0.0,0.0,-0.660282811944,0.0,0.0,0.0,-0.660282811944,0.0,0.0,0.0,0.0
0.0,0.0,0.0,0.0,0.0,0.0,0.0,0.0,0.0,0.267450144821,0.0,0.0,0.0,0.0,0.267450144821
-0.00437959752578,0.0,0.0,0.0,0.0,0.0,0.0,0.0,0.0,0.0,0.0,0.0,0.0,0.0,-0.00437959752578
0.0,0.0,0.0,0.0,0.0,0.637066266244,0.0,0.0,0.0,0.0,0.637066266244,0.0,0.0,0.0,0.0
1.01979531047,0.0,0.0,0.0,0.0,0.0,0.0,0.0,0.0,0.0,1.01979531047,0.0,0.0,0.0,0.0
0.0,0.0,0.0,0.0,0.0,0.0,-0.661051986143,0.0,-0.661051986143,0.0,0.0,0.0,0.0,0.0,0.0
0.0,0.0,0.0,0.0,0.0,0.0,0.0,-0.490458880856,0.0,0.0,0.0,0.0,0.0,0.0,-0.490458880856
0.0,0.0,0.0,0.0,0.0,0.0,0.0,0.0,0.0,0.0,0.0,-1.46795425002,0.0,-1.46795425002,0.0
0.0,0.0,-0.652387222432,0.0,0.0,0.0,0.0,0.0,-0.652387222432,0.0,0.0,0.0,0.0,0.0,0.0
0.0,-0.428453000779,0.0,0.0,0.0,0.0,-0.428453000779,0.0,0.0,0.0,0.0,0.0,0.0,0.0,0.0
0.0,0.786808018578,0.0,0.0,0.0,0.0,0.0,0.0,0.0,0.786808018578,0.0,0.0,0.0,0.0,0.0
0.0,-0.0231932136641,0.0,0.0,0.0,0.0,0.0,0.0,0.0,0.0,0.0,0.0,0.0,-0.0231932136641,0.0
0.0,0.0,0.0,0.0,0.0,0.0,0.0,0.0,0.598643704021,0.0,0.0,0.0,0.0,0.0,0.598643704021
0.971871473374,0.0,0.0,0.0,0.0,0.0,0.0,0.0,0.0,0.0,0.0,0.0,0.0,0.0,0.971871473374
0.0,0.0,0.0,0.0,0.0,0.0,0.822817391814,0.0,0.0,0.0,0.0,0.0,0.0,0.822817391814,0.0
0.314622202889,0.0,0.0,0.0,0.0,0.0,0.0,0.0,0.0,0.0,0.0,0.0,0.0,0.0,0.314622202889
0.0,-0.541875763077,0.0,0.0,0.0,-0.541875763077,0.0,0.0,0.0,0.0,0.0,0.0,0.0,0.0,0.0
0.0,0.0,0.0,0.0,0.0,0.0,-0.0246680613662,0.0,0.0,0.0,0.0,-0.0246680613662,0.0,0.0,0.0
0.0,0.0,0.0,0.0,0.0,0.0,0.0,0.0,0.0,0.0,0.264648646654,0.264648646654,0.0,0.0,0.0
0.0,0.0,0.0,0.0,0.0,0.0,0.0,0.0,0.0,0.0,0.63975252568,0.0,0.63975252568,0.0,0.0
0.0,0.0,0.0,0.0609144944894,0.0,0.0,0.0609144944894,0.0,0.0,0.0,0.0,0.0,0.0,0.0,0.0
-0.773318886468,0.0,0.0,0.0,0.0,0.0,0.0,0.0,0.0,0.0,-0.773318886468,0.0,0.0,0.0,0.0
0.0,0.0,0.0,0.0,0.0,0.0,0.0,0.0,0.127816559051,0.0,0.0,0.0,0.0,0.127816559051,0.0
0.0,0.0,0.0,-1.20693141816,0.0,0.0,0.0,0.0,0.0,0.0,0.0,-1.20693141816,0.0,0.0,0.0
0.0,0.0,0.0,0.0,0.0,0.0,0.0,0.0,0.0,0.0,0.809456483245,0.809456483245,0.0,0.0,0.0
0.0,0.0,0.0,0.823642159947,0.0,0.0,0.0,0.0,0.0,0.0,0.0,0.0,0.0,0.823642159947,0.0
0.0,0.0,0.0,0.0,0.0,-0.247693650045,0.0,0.0,0.0,0.0,0.0,-0.247693650045,0.0,0.0,0.0
0.0,0.0,0.0,0.658638259105,0.0,0.0,0.658638259105,0.0,0.0,0.0,0.0,0.0,0.0,0.0,0.0
0.0,0.0,0.0,0.0,0.0,0.378549254202,0.0,0.0,0.0,0.0,0.0,0.378549254202,0.0,0.0,0.0
0.0,0.0,0.0,0.0,0.0,0.0,0.0,0.0,1.16851743731,1.16851743731,0.0,0.0,0.0,0.0,0.0
0.0,0.0,-1.24124278267,0.0,0.0,0.0,0.0,0.0,0.0,0.0,-1.24124278267,0.0,0.0,0.0,0.0
0.0,0.0,0.0,0.0,0.0,0.205226059651,0.0,0.0,0.0,0.0,0.0,0.205226059651,0.0,0.0,0.0
0.0,0.0,0.0,0.563766645894,0.0,0.0,0.0,0.0,0.0,0.0,0.0,0.563766645894,0.0,0.0,0.0
0.0,0.0,-0.190401988701,0.0,0.0,-0.190401988701,0.0,0.0,0.0,0.0,0.0,0.0,0.0,0.0,0.0
0.0,0.0,0.0,1.23922863636,0.0,0.0,0.0,0.0,0.0,0.0,1.23922863636,0.0,0.0,0.0,0.0
0.0,0.0,0.0,0.0,0.0,0.0,-1.29321204591,0.0,0.0,0.0,0.0,-1.29321204591,0.0,0.0,0.0
0.0,0.725835702406,0.0,0.0,0.725835702406,0.0,0.0,0.0,0.0,0.0,0.0,0.0,0.0,0.0,0.0
0.0,0.0,0.0,0.0,0.0,0.0,0.0,0.0,-1.12351694448,0.0,-1.12351694448,0.0,0.0,0.0,0.0
0.0,0.0,0.0,0.407201562554,0.0,0.0,0.407201562554,0.0,0.0,0.0,0.0,0.0,0.0,0.0,0.0
0.0,0.0,0.0,0.935372301489,0.0,0.0,0.0,0.0,0.0,0.935372301489,0.0,0.0,0.0,0.0,0.0
0.0,0.0,0.0,0.0,0.0,0.0,0.0,0.0,0.0,0.0,0.0,0.0,0.0,-1.77178951132,-1.77178951132
0.0,0.0,0.0,0.0,0.0,0.0,0.0,0.0,1.99191004733,1.99191004733,0.0,0.0,0.0,0.0,0.0
0.0,0.0,0.0,0.0,0.0,0.0,0.0,0.0,0.0,-1.29939887528,0.0,-1.29939887528,0.0,0.0,0.0
-0.304510025354,0.0,0.0,0.0,0.0,0.0,-0.304510025354,0.0,0.0,0.0,0.0,0.0,0.0,0.0,0.0
0.0,0.0,0.0,0.0,0.0,0.0,0.0,0.0,0.0,0.0,0.0,-0.796268215308,0.0,0.0,-0.796268215308
0.0,0.0,0.0,0.0,0.0,0.0,0.0,0.0,0.0,0.0,0.0,0.0,0.489362643892,0.489362643892,0.0
-1.27126006745,0.0,0.0,0.0,0.0,0.0,0.0,0.0,0.0,-1.27126006745,0.0,0.0,0.0,0.0,0.0
0.0,0.0,0.0,-0.535841731515,0.0,0.0,-0.535841731515,0.0,0.0,0.0,0.0,0.0,0.0,0.0,0.0
1.20274950955,0.0,0.0,0.0,0.0,0.0,0.0,0.0,1.20274950955,0.0,0.0,0.0,0.0,0.0,0.0
0.0,0.0,0.0,0.0,0.0,-0.648135265722,0.0,0.0,0.0,0.0,-0.648135265722,0.0,0.0,0.0,0.0
0.0,0.0,0.0,0.0,0.0,0.0,0.0,0.0,0.0,0.0,-0.954433527674,0.0,0.0,-0.954433527674,0.0
0.0,0.0,0.237489755599,0.0,0.0,0.0,0.0,0.0,0.0,0.0,0.237489755599,0.0,0.0,0.0,0.0
0.0,0.356143083187,0.0,0.0,0.0,0.0,0.0,0.0,0.0,0.0,0.0,0.0,0.356143083187,0.0,0.0
0.0,0.0,0.0,0.0,0.0,0.0,0.0,2.08428058437,0.0,0.0,0.0,0.0,2.08428058437,0.0,0.0
0.0,0.0,0.0,0.0,0.0,0.0,-0.32709404014,0.0,0.0,0.0,0.0,0.0,-0.32709404014,0.0,0.0
0.0,0.0,0.0,0.0,0.0,0.0,0.0,0.350799494404,0.0,0.0,0.0,0.0,0.350799494404,0.0,0.0
0.0,0.490491054359,0.0,0.0,0.0,0.490491054359,0.0,0.0,0.0,0.0,0.0,0.0,0.0,0.0,0.0
0.0,0.0,0.0,-0.362833359978,0.0,0.0,-0.362833359978,0.0,0.0,0.0,0.0,0.0,0.0,0.0,0.0
0.0,0.0,0.0,0.0,0.0,2.39695857171,2.39695857171,0.0,0.0,0.0,0.0,0.0,0.0,0.0,0.0
0.0,0.0,0.903914543587,0.0,0.0,0.0,0.0,0.903914543587,0.0,0.0,0.0,0.0,0.0,0.0,0.0
0.0,0.0,0.0,0.0,0.0,0.0,0.0,0.0,0.0,0.0,-0.342625511663,-0.342625511663,0.0,0.0,0.0
0.0,0.0,0.0,0.0,0.0,0.0,0.0,0.0,-0.461826785289,0.0,0.0,0.0,-0.461826785289,0.0,0.0
0.0,0.0,0.0,0.0,1.19853503539,0.0,0.0,0.0,0.0,0.0,0.0,0.0,0.0,0.0,1.19853503539
0.0,-0.917498570444,0.0,0.0,0.0,0.0,0.0,0.0,0.0,0.0,0.0,0.0,0.0,0.0,-0.917498570444
0.0,0.0,0.0,-0.405643416552,0.0,0.0,0.0,0.0,0.0,-0.405643416552,0.0,0.0,0.0,0.0,0.0
0.0,0.0,-0.166476661772,0.0,0.0,0.0,0.0,-0.166476661772,0.0,0.0,0.0,0.0,0.0,0.0,0.0
0.0,2.02301476686,0.0,0.0,0.0,0.0,0.0,0.0,0.0,0.0,0.0,0.0,0.0,2.02301476686,0.0
0.0,0.0,0.39089535891,0.0,0.0,0.0,0.0,0.0,0.0,0.0,0.0,0.0,0.0,0.39089535891,0.0
0.0,0.0,-1.39213610155,0.0,0.0,0.0,0.0,0.0,0.0,0.0,0.0,0.0,-1.39213610155,0.0,0.0
0.0,0.0,0.0,0.0,0.854894978446,0.0,0.854894978446,0.0,0.0,0.0,0.0,0.0,0.0,0.0,0.0
0.0,-0.222559629137,0.0,0.0,0.0,0.0,0.0,0.0,0.0,0.0,0.0,0.0,0.0,-0.222559629137,0.0
-1.67621789928,0.0,0.0,0.0,0.0,0.0,0.0,0.0,0.0,0.0,0.0,-1.67621789928,0.0,0.0,0.0
0.0,0.0,0.964656640304,0.0,0.0,0.0,0.0,0.0,0.964656640304,0.0,0.0,0.0,0.0,0.0,0.0
0.0,0.0,0.0,0.0,0.0,0.0,0.405245486933,0.0,0.405245486933,0.0,0.0,0.0,0.0,0.0,0.0
0.0,0.0,0.0,0.0,0.0,0.0,0.0,-1.84026718015,0.0,-1.84026718015,0.0,0.0,0.0,0.0,0.0
0.0,0.0,0.0,0.0,0.0,0.0,0.0,-1.09893465423,0.0,-1.09893465423,0.0,0.0,0.0,0.0,0.0
0.194901541052,0.0,0.0,0.0,0.0,0.0,0.0,0.0,0.0,0.0,0.0,0.0,0.0,0.194901541052,0.0
0.0,0.0,1.49542096611,0.0,0.0,0.0,0.0,0.0,1.49542096611,0.0,0.0,0.0,0.0,0.0,0.0
0.0,0.0,0.0,0.0,0.0,-0.951702088228,0.0,0.0,0.0,0.0,0.0,0.0,-0.951702088228,0.0,0.0
0.0,0.551407633838,0.0,0.0,0.0,0.551407633838,0.0,0.0,0.0,0.0,0.0,0.0,0.0,0.0,0.0
0.0,0.0,0.0,0.0,0.0,0.0,0.0,0.312578223175,0.0,0.0,0.0,0.312578223175,0.0,0.0,0.0
0.0,0.0,0.0,-2.03233993209,0.0,0.0,0.0,0.0,0.0,-2.03233993209,0.0,0.0,0.0,0.0,0.0
0.0,0.0,0.0,0.0,0.0,0.0,-1.44891741676,0.0,-1.44891741676,0.0,0.0,0.0,0.0,0.0,0.0
0.0,0.0,1.01817429018,0.0,0.0,0.0,0.0,0.0,0.0,1.01817429018,0.0,0.0,0.0,0.0,0.0
0.0,0.0,0.0,0.0,0.0,0.0,0.0,0.120749254998,0.0,0.0,0.0,0.120749254998,0.0,0.0,0.0
0.0,0.0,0.0,0.623506151976,0.0,0.0,0.0,0.0,0.0,0.623506151976,0.0,0.0,0.0,0.0,0.0
0.0,0.0,0.0,0.0,0.0,0.0,0.0,0.0,0.0,-0.676193127389,0.0,0.0,0.0,0.0,-0.676193127389
0.0,-0.0820061659034,0.0,0.0,0.0,0.0,0.0,0.0,0.0,-0.0820061659034,0.0,0.0,0.0,0.0,0.0
0.0,0.0,0.0,0.0,0.0,0.0,0.0,0.0,0.0,0.157853435318,0.0,0.0,0.157853435318,0.0,0.0
0.0,-0.0900103752024,0.0,0.0,0.0,0.0,0.0,-0.0900103752024,0.0,0.0,0.0,0.0,0.0,0.0,0.0
0.0,-0.378579044631,0.0,0.0,0.0,0.0,0.0,0.0,0.0,0.0,0.0,-0.378579044631,0.0,0.0,0.0
0.0,0.0,0.0,0.0,0.608257094776,0.0,0.0,0.608257094776,0.0,0.0,0.0,0.0,0.0,0.0,0.0
0.0,0.0,0.0,0.0,0.0,0.321270990709,0.0,0.0,0.0,0.321270990709,0.0,0.0,0.0,0.0,0.0
-0.025191081264,0.0,0.0,0.0,0.0,0.0,0.0,0.0,0.0,0.0,-0.025191081264,0.0,0.0,0.0,0.0
0.0,-0.314664760061,0.0,0.0,0.0,0.0,0.0,0.0,-0.314664760061,0.0,0.0,0.0,0.0,0.0,0.0
0.0,0.0,0.0,0.0,0.0,0.0,0.0,0.0,0.0,0.0,0.106325382237,0.0,0.0,0.106325382237,0.0
0.0,1.07798431794,0.0,0.0,0.0,0.0,0.0,0.0,0.0,0.0,1.07798431794,0.0,0.0,0.0,0.0
0.0,0.0,0.0,0.64840403823,0.0,0.0,0.0,0.0,0.0,0.0,0.0,0.0,0.0,0.0,0.64840403823
0.0,0.0,0.0,1.03578974019,1.03578974019,0.0,0.0,0.0,0.0,0.0,0.0,0.0,0.0,0.0,0.0
0.0,0.0,0.0,0.0,0.0,0.0,0.0,0.0,0.861991509336,0.0,0.0,0.861991509336,0.0,0.0,0.0
0.0,0.0,0.0,0.0,0.0,0.0,0.823835427862,0.0,0.0,0.0,0.0,0.0,0.0,0.823835427862,0.0
0.872221297117,0.0,0.0,0.0,0.0,0.0,0.0,0.0,0.0,0.0,0.872221297117,0.0,0.0,0.0,0.0
0.0,1.12309788555,0.0,0.0,0.0,0.0,1.12309788555,0.0,0.0,0.0,0.0,0.0,0.0,0.0,0.0
0.0,0.0,0.0,0.0,0.0,0.0,0.0,0.0,0.0,0.0,0.0,0.0,-0.873602812659,0.0,-0.873602812659
0.0,0.0,0.0,0.0,0.0,-0.42450409744,0.0,0.0,0.0,0.0,0.0,0.0,0.0,-0.42450409744,0.0
0.0,0.0,0.0,0.0,0.0,1.25053732688,0.0,0.0,0.0,0.0,1.25053732688,0.0,0.0,0.0,0.0
0.0,0.0,0.0,0.0,0.0,0.0,0.0,0.0,1.14096006374,0.0,1.14096006374,0.0,0.0,0.0,0.0
0.0,0.0,0.0,0.0,0.0,0.0,0.0,-0.129135900591,0.0,-0.129135900591,0.0,0.0,0.0,0.0,0.0
0.0,0.0,0.0,0.0,0.0,0.0,0.0,0.0,0.0,0.0,0.0,0.0,-1.20994869539,-1.20994869539,0.0
0.0,0.0,0.0,0.0,0.0,0.0,0.0,0.0,0.0,0.0,-1.16668366719,0.0,0.0,0.0,-1.16668366719
0.0,-0.214093077827,0.0,-0.214093077827,0.0,0.0,0.0,0.0,0.0,0.0,0.0,0.0,0.0,0.0,0.0
0.0,0.0,0.0,0.0,0.0,0.0,0.0,0.0,0.16677998534,0.0,0.0,0.0,0.0,0.0,0.16677998534
0.0,0.0,0.0,0.0,0.115273098496,0.0,0.0,0.0,0.0,0.0,0.115273098496,0.0,0.0,0.0,0.0
0.0,0.0,0.0,0.0,0.0,0.901952940364,0.0,0.0,0.0,0.0,0.0,0.901952940364,0.0,0.0,0.0
0.0,1.06793414876,0.0,0.0,0.0,0.0,1.06793414876,0.0,0.0,0.0,0.0,0.0,0.0,0.0,0.0
0.0,0.375448117783,0.0,0.0,0.0,0.0,0.375448117783,0.0,0.0,0.0,0.0,0.0,0.0,0.0,0.0
0.0,0.0,0.0,1.07281867105,0.0,0.0,0.0,0.0,0.0,0.0,0.0,0.0,0.0,1.07281867105,0.0
0.0,1.68831238378,1.68831238378,0.0,0.0,0.0,0.0,0.0,0.0,0.0,0.0,0.0,0.0,0.0,0.0
0.0,0.0,0.0,0.0,-0.642791241359,-0.642791241359,0.0,0.0,0.0,0.0,0.0,0.0,0.0,0.0,0.0
0.0,0.0,-1.84723887549,0.0,0.0,0.0,0.0,0.0,0.0,0.0,-1.84723887549,0.0,0.0,0.0,0.0
-0.986031772432,0.0,0.0,0.0,0.0,-0.986031772432,0.0,0.0,0.0,0.0,0.0,0.0,0.0,0.0,0.0
0.0,0.0,0.0,0.0,0.0,0.0,0.0,0.0,0.0,0.0,0.0,1.81133512401,1.81133512401,0.0,0.0
0.0,0.0,0.0,0.709403232315,0.0,0.0,0.0,0.0,0.0,0.0,0.0,0.709403232315,0.0,0.0,0.0
0.0,0.0,0.0,-0.472266002671,0.0,0.0,0.0,-0.472266002671,0.0,0.0,0.0,0.0,0.0,0.0,0.0
0.0,0.0,-0.86160371116,0.0,0.0,0.0,0.0,0.0,0.0,-0.86160371116,0.0,0.0,0.0,0.0,0.0
-1.4576085537,0.0,0.0,-1.4576085537,0.0,0.0,0.0,0.0,0.0,0.0,0.0,0.0,0.0,0.0,0.0
0.0,0.0,0.0,0.0,-0.842067831528,0.0,0.0,0.0,0.0,0.0,-0.842067831528,0.0,0.0,0.0,0.0
0.0,0.0,0.0,0.0,0.0,0.0,0.5156192869,0.0,0.0,0.0,0.0,0.0,0.5156192869,0.0,0.0
0.0,0.0,0.0,0.0,0.0,0.0,0.0,-0.114926795354,-0.114926795354,0.0,0.0,0.0,0.0,0.0,0.0
0.0,0.0,0.0,0.0,0.0,0.0,0.0,-0.0793493342931,0.0,0.0,0.0,-0.0793493342931,0.0,0.0,0.0
0.0,-0.203967391156,0.0,0.0,0.0,0.0,0.0,-0.203967391156,0.0,0.0,0.0,0.0,0.0,0.0,0.0
-0.435789483773,0.0,0.0,0.0,0.0,0.0,0.0,0.0,0.0,-0.435789483773,0.0,0.0,0.0,0.0,0.0
0.0,0.0,-0.948736582063,0.0,0.0,0.0,0.0,0.0,0.0,0.0,0.0,-0.948736582063,0.0,0.0,0.0
0.0,-0.364792848324,0.0,0.0,0.0,0.0,-0.364792848324,0.0,0.0,0.0,0.0,0.0,0.0,0.0,0.0
0.0,0.0,0.0,0.0,0.0,0.0,0.0,0.0,0.0,0.0,-1.08145426713,-1.08145426713,0.0,0.0,0.0
0.0,0.0,0.0,0.0,0.0,-0.135988516264,0.0,0.0,0.0,0.0,0.0,0.0,-0.135988516264,0.0,0.0
0.0,0.0,0.0,0.0,0.687053763564,0.0,0.0,0.0,0.0,0.0,0.0,0.0,0.0,0.687053763564,0.0
0.0,0.0,0.0,0.0,0.0,0.0,0.0,0.0,0.0,0.0,-0.324612200875,0.0,0.0,0.0,-0.324612200875
0.0,0.0,0.0,0.0,0.0,0.0,0.0,-1.04071323707,0.0,0.0,0.0,0.0,0.0,-1.04071323707,0.0
0.0,0.0,0.0,0.0347274158395,0.0,0.0,0.0347274158395,0.0,0.0,0.0,0.0,0.0,0.0,0.0,0.0
0.0,0.720331408733,0.0,0.0,0.0,0.0,0.0,0.0,0.0,0.0,0.0,0.720331408733,0.0,0.0,0.0
0.0,0.0,0.0,0.0,-0.288135261185,0.0,0.0,-0.288135261185,0.0,0.0,0.0,0.0,0.0,0.0,0.0
0.0,0.0,0.0,0.0,0.0,0.346705387289,0.0,0.0,0.0,0.0,0.0,0.0,0.0,0.346705387289,0.0
0.0,0.0,0.0,0.0,0.0,0.279985933635,0.0,0.0,0.0,0.0,0.0,0.0,0.0,0.0,0.279985933635
0.0,0.0,0.0,0.0,0.64425096335,0.0,0.0,0.0,0.0,0.64425096335,0.0,0.0,0.0,0.0,0.0
0.0,0.0,0.0,0.0,0.0,0.0,0.0,-0.0326649251753,0.0,0.0,0.0,0.0,-0.0326649251753,0.0,0.0
0.0,0.0,0.0,0.0,0.0,0.0,0.0,2.3255587187,0.0,0.0,0.0,0.0,2.3255587187,0.0,0.0
0.0,0.0,0.0,0.0,0.0,0.0,0.0,0.0,0.0,0.0,0.0,0.0,0.0,-0.081268876228,-0.081268876228
0.0,0.0,0.0,0.0,0.0,0.0,0.0,0.0,0.0,0.0,1.94950521223,0.0,1.94950521223,0.0,0.0
-0.37869059645,0.0,0.0,0.0,0.0,0.0,0.0,0.0,0.0,0.0,0.0,0.0,0.0,-0.37869059645,0.0
0.0,0.0,0.0,0.0,0.0,0.0,0.0,0.0,0.0,0.0,0.372113876718,0.0,0.0,0.0,0.372113876718
0.0,0.0,0.0,0.0,0.0,-0.0759844991454,0.0,0.0,0.0,0.0,0.0,0.0,0.0,-0.0759844991454,0.0
0.0,0.0,0.0,0.0,0.0,0.0,0.0,1.98706509923,0.0,1.98706509923,0.0,0.0,0.0,0.0,0.0
0.0,0.0,0.0,0.26045862226,0.0,0.0,0.0,0.0,0.0,0.0,0.0,0.0,0.0,0.0,0.26045862226
0.0,0.0,0.0,0.0,0.0,0.0,0.0,0.0,1.51181280839,0.0,1.51181280839,0.0,0.0,0.0,0.0
0.0,0.0,0.0,-0.0593288006834,-0.0593288006834,0.0,0.0,0.0,0.0,0.0,0.0,0.0,0.0,0.0,0.0
0.0,0.0,0.0,2.0905865646,0.0,0.0,0.0,2.0905865646,0.0,0.0,0.0,0.0,0.0,0.0,0.0
0.0,0.0,0.0,0.0,0.0,0.0,0.0,-0.0800442313695,0.0,0.0,-0.0800442313695,0.0,0.0,0.0,0.0
-1.50174571625,0.0,0.0,0.0,0.0,0.0,0.0,0.0,0.0,0.0,0.0,0.0,0.0,0.0,-1.50174571625
0.0,0.0,0.0,0.0,0.0,0.0,-0.757590565592,0.0,0.0,-0.757590565592,0.0,0.0,0.0,0.0,0.0
0.0,0.884126550164,0.0,0.884126550164,0.0,0.0,0.0,0.0,0.0,0.0,0.0,0.0,0.0,0.0,0.0
0.0,0.0,-0.608647418515,0.0,0.0,0.0,0.0,0.0,0.0,0.0,-0.608647418515,0.0,0.0,0.0,0.0
-0.304457785214,-0.304457785214,0.0,0.0,0.0,0.0,0.0,0.0,0.0,0.0,0.0,0.0,0.0,0.0,0.0
0.0,0.0,0.111842405855,0.0,0.0,0.0,0.0,0.0,0.0,0.0,0.0,0.111842405855,0.0,0.0,0.0
0.0,0.0,0.0,0.0,0.0,0.0,0.0,0.0,0.353100321048,0.353100321048,0.0,0.0,0.0,0.0,0.0
0.0,0.0,0.0,0.0,0.0,0.0,0.0,0.0,0.0,0.0,0.0,0.335272128615,0.0,0.0,0.335272128615
0.0,0.0,0.0,0.0,0.0,0.0,0.0,-0.480549293561,0.0,0.0,0.0,0.0,0.0,0.0,-0.480549293561
0.48711076016,0.0,0.0,0.48711076016,0.0,0.0,0.0,0.0,0.0,0.0,0.0,0.0,0.0,0.0,0.0
0.0,0.0,0.0,0.0,0.0,-0.134567522053,0.0,0.0,0.0,-0.134567522053,0.0,0.0,0.0,0.0,0.0
0.0,0.0,0.0,0.0,-0.930447699945,0.0,0.0,0.0,-0.930447699945,0.0,0.0,0.0,0.0,0.0,0.0
0.0,0.0,-1.28565237762,0.0,-1.28565237762,0.0,0.0,0.0,0.0,0.0,0.0,0.0,0.0,0.0,0.0
0.0,0.511774187409,0.0,0.0,0.0,0.0,0.0,0.0,0.0,0.0,0.511774187409,0.0,0.0,0.0,0.0
0.739861368993,0.0,0.0,0.739861368993,0.0,0.0,0.0,0.0,0.0,0.0,0.0,0.0,0.0,0.0,0.0
0.0,0.0,0.0,0.524895022872,0.0,0.524895022872,0.0,0.0,0.0,0.0,0.0,0.0,0.0,0.0,0.0
0.963742217293,0.0,0.0,0.963742217293,0.0,0.0,0.0,0.0,0.0,0.0,0.0,0.0,0.0,0.0,0.0
0.0,0.0,0.0,0.0,0.0,-1.59001919439,0.0,0.0,0.0,0.0,0.0,0.0,0.0,0.0,-1.59001919439
0.0,-0.346098489995,0.0,0.0,-0.346098489995,0.0,0.0,0.0,0.0,0.0,0.0,0.0,0.0,0.0,0.0
0.0,0.0,0.0,0.0,0.0,0.0,0.0,0.0,0.0,-0.938677088519,0.0,-0.938677088519,0.0,0.0,0.0
0.0,0.769662920587,0.0,0.0,0.0,0.0,0.0,0.0,0.0,0.0,0.0,0.0,0.0,0.769662920587,0.0
0.0,0.0,0.487289435623,0.0,0.0,0.0,0.0,0.0,0.0,0.487289435623,0.0,0.0,0.0,0.0,0.0
0.0,0.0,0.0,0.0,0.0,-1.7700794487,0.0,0.0,0.0,-1.7700794487,0.0,0.0,0.0,0.0,0.0
0.0,0.0,2.93686737954,0.0,2.93686737954,0.0,0.0,0.0,0.0,0.0,0.0,0.0,0.0,0.0,0.0
0.239127983429,0.0,0.0,0.0,0.0,0.0,0.0,0.0,0.239127983429,0.0,0.0,0.0,0.0,0.0,0.0
0.0,1.13196208665,0.0,0.0,1.13196208665,0.0,0.0,0.0,0.0,0.0,0.0,0.0,0.0,0.0,0.0
0.0,-0.162686286454,0.0,0.0,0.0,0.0,0.0,0.0,0.0,0.0,0.0,0.0,-0.162686286454,0.0,0.0
0.0,1.15628799788,0.0,0.0,0.0,0.0,0.0,0.0,0.0,0.0,0.0,1.15628799788,0.0,0.0,0.0
0.0,0.0,0.0,0.0,0.0,0.0,0.0,0.0,0.0,0.0,0.0,0.0,0.0,1.43935994445,1.43935994445
0.0,3.44346067222,0.0,0.0,0.0,0.0,3.44346067222,0.0,0.0,0.0,0.0,0.0,0.0,0.0,0.0
0.423203006073,0.0,0.0,0.0,0.0,0.0,0.0,0.0,0.0,0.0,0.0,0.0,0.0,0.0,0.423203006073
0.0,0.0,0.0,0.0,0.0,0.0,0.0,0.0,0.0,0.0,-0.430013029711,0.0,-0.430013029711,0.0,0.0
0.0,-0.801136806108,0.0,0.0,0.0,0.0,-0.801136806108,0.0,0.0,0.0,0.0,0.0,0.0,0.0,0.0
0.0,0.0,0.0,0.0,0.0,0.147706459905,0.0,0.147706459905,0.0,0.0,0.0,0.0,0.0,0.0,0.0
0.0,0.0,0.0,0.0,0.0,0.0,0.0,0.0,0.0,0.0,0.0,0.0,-0.702086143922,0.0,-0.702086143922
0.0,0.0,0.559281618236,0.0,0.0,0.0,0.0,0.0,0.0,0.0,0.0,0.0,0.559281618236,0.0,0.0
0.0,0.0,0.0,0.0,0.0,-0.882199878128,0.0,0.0,0.0,0.0,0.0,0.0,0.0,-0.882199878128,0.0
0.0,-1.71233120397,0.0,-1.71233120397,0.0,0.0,0.0,0.0,0.0,0.0,0.0,0.0,0.0,0.0,0.0
0.0,0.0,0.0,0.0,0.0,0.0,-1.7717652844,0.0,0.0,0.0,0.0,0.0,0.0,-1.7717652844,0.0
0.0,0.0,0.0,0.0,0.0,-1.11894560644,0.0,0.0,-1.11894560644,0.0,0.0,0.0,0.0,0.0,0.0
0.0,0.0,0.0,0.0,0.0,0.0,2.02625051245,0.0,0.0,0.0,2.02625051245,0.0,0.0,0.0,0.0
-0.529491271185,0.0,0.0,0.0,0.0,0.0,0.0,0.0,0.0,-0.529491271185,0.0,0.0,0.0,0.0,0.0
0.0,0.0,0.0,0.0,0.0,1.07799148216,1.07799148216,0.0,0.0,0.0,0.0,0.0,0.0,0.0,0.0
0.0,0.0,0.0,0.0,0.0,0.0,0.0,1.6485654586,0.0,0.0,0.0,1.6485654586,0.0,0.0,0.0
0.0,0.0,0.0,0.0,2.32227357322,0.0,0.0,0.0,0.0,0.0,2.32227357322,0.0,0.0,0.0,0.0
-0.693199814384,0.0,0.0,0.0,0.0,0.0,0.0,0.0,-0.693199814384,0.0,0.0,0.0,0.0,0.0,0.0
0.0,0.0,0.0,0.0,0.0,-0.0905167971137,0.0,0.0,0.0,0.0,0.0,0.0,0.0,0.0,-0.0905167971137
0.0,0.0,0.0,-0.211242305378,0.0,0.0,0.0,0.0,-0.211242305378,0.0,0.0,0.0,0.0,0.0,0.0
0.0,0.0,0.0,0.0,0.0,0.0,0.0,0.0,0.0,-1.63668604143,0.0,0.0,0.0,0.0,-1.63668604143
0.0,0.0,0.0,0.0,0.0,0.0,-2.09419548063,0.0,0.0,-2.09419548063,0.0,0.0,0.0,0.0,0.0
0.0,0.0,0.0,0.0,0.0,0.0,0.853459088614,0.0,0.0,0.0,0.0,0.0,0.853459088614,0.0,0.0
0.0,0.0,0.0,0.130259103992,0.0,0.0,0.0,0.0,0.0,0.0,0.0,0.130259103992,0.0,0.0,0.0
0.0,0.0,0.0,0.0,0.0,0.0,0.0,0.0,0.304412219414,0.304412219414,0.0,0.0,0.0,0.0,0.0
0.0,-0.410890583899,0.0,0.0,0.0,0.0,0.0,0.0,0.0,0.0,0.0,0.0,-0.410890583899,0.0,0.0
0.0,0.0,0.0,0.0,0.0,0.0,0.0,1.01028130826,1.01028130826,0.0,0.0,0.0,0.0,0.0,0.0
0.0,0.0,0.0,0.0,-0.972567362483,0.0,0.0,0.0,-0.972567362483,0.0,0.0,0.0,0.0,0.0,0.0
0.0,0.0,0.0,0.0,0.0,0.0,0.0,0.0,0.0,0.0,0.0,-0.0832575526634,-0.0832575526634,0.0,0.0
0.0,0.0,0.0,0.0,0.0,0.0,0.0,0.0,0.464202008545,0.464202008545,0.0,0.0,0.0,0.0,0.0
0.0,0.0,0.0,0.0,0.0,0.0,-0.938593378225,0.0,0.0,0.0,0.0,0.0,-0.938593378225,0.0,0.0
0.0,-0.344791483362,0.0,0.0,0.0,0.0,0.0,0.0,0.0,0.0,0.0,-0.344791483362,0.0,0.0,0.0
0.0,0.0,0.0,0.0,0.393998912237,0.393998912237,0.0,0.0,0.0,0.0,0.0,0.0,0.0,0.0,0.0
0.0,0.0,0.0,0.0,-1.44851051749,-1.44851051749,0.0,0.0,0.0,0.0,0.0,0.0,0.0,0.0,0.0
0.0,-2.06027278612,0.0,0.0,0.0,0.0,0.0,0.0,0.0,0.0,0.0,0.0,0.0,0.0,-2.06027278612
0.0,0.0,0.0,0.0,0.0,0.0,0.0,0.0,0.0,0.488826565525,0.0,0.0,0.0,0.0,0.488826565525
0.0,0.0,0.0,3.30907923479,0.0,3.30907923479,0.0,0.0,0.0,0.0,0.0,0.0,0.0,0.0,0.0
0.0,0.0,0.0,0.0,0.0,0.0,0.0,0.0,0.0,0.0,0.0,0.0,0.259495528937,0.259495528937,0.0
0.0,0.0,0.0,0.0,0.0,0.0,0.0,0.0,0.0,0.291762926141,0.0,0.0,0.0,0.291762926141,0.0
0.0,0.0,-0.351342463636,0.0,0.0,0.0,0.0,0.0,0.0,0.0,0.0,-0.351342463636,0.0,0.0,0.0
-1.40812808535,0.0,0.0,0.0,0.0,0.0,-1.40812808535,0.0,0.0,0.0,0.0,0.0,0.0,0.0,0.0
0.0,0.0,0.0,0.0,0.0,0.0,0.0,-0.426882251827,0.0,-0.426882251827,0.0,0.0,0.0,0.0,0.0
0.0,0.0,0.0,0.0,0.0,0.0,-0.877427088322,0.0,0.0,0.0,0.0,-0.877427088322,0.0,0.0,0.0
0.0,0.0,0.0,0.0,-1.05753886137,0.0,0.0,0.0,0.0,0.0,0.0,-1.05753886137,0.0,0.0,0.0
0.0,0.0,0.0,0.0,0.0,0.0,-0.771607360031,0.0,0.0,0.0,0.0,-0.771607360031,0.0,0.0,0.0
0.0,0.0,0.0,0.0,0.0,0.369026889405,0.0,0.0,0.0,0.0,0.0,0.0,0.369026889405,0.0,0.0
-1.60508780037,0.0,0.0,0.0,-1.60508780037,0.0,0.0,0.0,0.0,0.0,0.0,0.0,0.0,0.0,0.0
0.0,0.0,0.0,0.0,0.0,0.0,0.0,0.41985221174,0.41985221174,0.0,0.0,0.0,0.0,0.0,0.0
0.0,0.0,0.0,0.0,0.0,0.0,-0.286747651257,0.0,0.0,0.0,0.0,0.0,0.0,-0.286747651257,0.0
0.0,0.0,0.0,0.0,0.0,0.0,0.0,0.952460847487,0.0,0.0,0.0,0.0,0.952460847487,0.0,0.0
0.895872253698,0.0,0.0,0.0,0.0,0.0,0.0,0.0,0.0,0.0,0.0,0.0,0.0,0.895872253698,0.0
0.0,0.0,0.0,0.0,0.0,0.424231342659,0.424231342659,0.0,0.0,0.0,0.0,0.0,0.0,0.0,0.0
0.0,0.0,0.0,0.0,0.0,0.0,-0.451857999126,0.0,0.0,0.0,0.0,-0.451857999126,0.0,0.0,0.0
0.0,0.0,0.0,0.0,0.0,0.493449635301,0.0,0.0,0.0,0.0,0.0,0.0,0.0,0.493449635301,0.0
0.0,0.0,0.0,0.0,0.0,0.0,2.35231062741,0.0,0.0,0.0,0.0,0.0,0.0,2.35231062741,0.0
0.0,0.0,0.692688829759,0.0,0.0,0.0,0.692688829759,0.0,0.0,0.0,0.0,0.0,0.0,0.0,0.0
0.0,0.0,0.0,-0.806900111471,-0.806900111471,0.0,0.0,0.0,0.0,0.0,0.0,0.0,0.0,0.0,0.0
0.0,0.641731041819,0.0,0.0,0.0,0.641731041819,0.0,0.0,0.0,0.0,0.0,0.0,0.0,0.0,0.0
-0.0491327402437,0.0,-0.0491327402437,0.0,0.0,0.0,0.0,0.0,0.0,0.0,0.0,0.0,0.0,0.0,0.0
0.0,0.0,0.0,0.0,0.0,-0.646074094982,0.0,0.0,0.0,0.0,-0.646074094982,0.0,0.0,0.0,0.0
0.0,0.0,0.0,1.57890753427,1.57890753427,0.0,0.0,0.0,0.0,0.0,0.0,0.0,0.0,0.0,0.0
0.0,1.51650959625,0.0,0.0,1.51650959625,0.0,0.0,0.0,0.0,0.0,0.0,0.0,0.0,0.0,0.0
0.0,0.0902083306431,0.0,0.0,0.0,0.0,0.0,0.0,0.0,0.0902083306431,0.0,0.0,0.0,0.0,0.0
-1.39034303635,0.0,0.0,0.0,0.0,0.0,0.0,0.0,0.0,-1.39034303635,0.0,0.0,0.0,0.0,0.0
0.0,0.0,0.0,0.0,0.0,0.0,0.178685949577,0.0,0.0,0.0,0.0,0.0,0.0,0.178685949577,0.0
0.0,0.0,0.0,0.0,0.0,0.0,0.0,0.0,0.0,0.0,0.836344047476,0.836344047476,0.0,0.0,0.0
0.0,0.0,0.0,0.0,0.0,0.0,0.0,-0.787278444199,0.0,0.0,0.0,-0.787278444199,0.0,0.0,0.0
0.0,0.0,0.0,0.0,0.632325577403,0.0,0.0,0.0,0.0,0.632325577403,0.0,0.0,0.0,0.0,0.0
1.54095626479,0.0,0.0,0.0,0.0,0.0,0.0,0.0,0.0,0.0,0.0,0.0,0.0,1.54095626479,0.0
0.0,0.0,-0.175970896137,0.0,0.0,0.0,0.0,0.0,-0.175970896137,0.0,0.0,0.0,0.0,0.0,0.0
0.0,0.0,0.0,0.0,0.0,0.0,0.0,0.0,1.26263552465,0.0,1.26263552465,0.0,0.0,0.0,0.0
0.0,-0.211568172742,-0.211568172742,0.0,0.0,0.0,0.0,0.0,0.0,0.0,0.0,0.0,0.0,0.0,0.0
0.0,0.0,0.0,0.0,0.0,0.0,0.0,0.0,0.0,0.0,0.958741151047,0.958741151047,0.0,0.0,0.0
0.0,0.0,0.0,0.0,0.501459892944,0.0,0.0,0.0,0.0,0.0,0.0,0.0,0.501459892944,0.0,0.0
0.0,0.0,-0.743863139272,0.0,0.0,0.0,0.0,0.0,0.0,0.0,-0.743863139272,0.0,0.0,0.0,0.0
0.0,0.0,0.0,0.0,0.0,0.0,0.0,0.0,0.0,0.0,0.0,0.0,0.0,-0.127522378125,-0.127522378125
0.0,0.528647244768,0.0,0.0,0.0,0.0,0.0,0.0,0.0,0.0,0.0,0.0,0.0,0.528647244768,0.0
0.0,-0.251996011827,0.0,0.0,0.0,0.0,0.0,0.0,0.0,0.0,0.0,-0.251996011827,0.0,0.0,0.0
0.0,0.0,0.0,0.0,0.0,0.0968295899456,0.0,0.0,0.0,0.0,0.0,0.0,0.0,0.0968295899456,0.0
0.0,0.0,0.0,-0.641600544746,0.0,0.0,0.0,0.0,-0.641600544746,0.0,0.0,0.0,0.0,0.0,0.0
0.0,0.0,0.0,0.0,0.0,-0.462737451167,0.0,0.0,0.0,0.0,0.0,0.0,0.0,0.0,-0.462737451167
0.0,0.0,0.0,0.0,0.0,0.0,0.0,0.0,-0.0020078929765,0.0,0.0,0.0,-0.0020078929765,0.0,0.0
-0.846359384222,0.0,0.0,0.0,0.0,0.0,0.0,0.0,0.0,0.0,0.0,-0.846359384222,0.0,0.0,0.0
0.0,0.0,0.0,0.0,0.0,0.0,0.0,-0.800451746938,0.0,0.0,-0.800451746938,0.0,0.0,0.0,0.0
0.0,0.0,0.0413596149397,0.0,0.0,0.0,0.0,0.0,0.0,0.0413596149397,0.0,0.0,0.0,0.0,0.0
0.0,0.704120492737,0.704120492737,0.0,0.0,0.0,0.0,0.0,0.0,0.0,0.0,0.0,0.0,0.0,0.0
0.0,0.0,0.0,0.0,0.0,0.0,-1.45883623798,0.0,0.0,-1.45883623798,0.0,0.0,0.0,0.0,0.0
0.0,0.0,0.602196969614,0.0,0.0,0.0,0.0,0.0,0.0,0.0,0.0,0.0,0.602196969614,0.0,0.0
-0.0122006493606,0.0,0.0,0.0,0.0,0.0,0.0,0.0,0.0,0.0,-0.0122006493606,0.0,0.0,0.0,0.0
0.0,0.0,0.0,2.12408809253,2.12408809253,0.0,0.0,0.0,0.0,0.0,0.0,0.0,0.0,0.0,0.0
0.0,0.0,0.225177307574,0.0,0.225177307574,0.0,0.0,0.0,0.0,0.0,0.0,0.0,0.0,0.0,0.0
0.0,0.0,-1.77440823638,0.0,0.0,0.0,0.0,0.0,-1.77440823638,0.0,0.0,0.0,0.0,0.0,0.0
0.0,0.0,0.0,0.0,-0.127018126842,0.0,0.0,0.0,0.0,0.0,0.0,0.0,0.0,0.0,-0.127018126842
0.0,0.0,0.0,0.0,0.830899839032,0.0,0.0,0.0,0.0,0.0,0.0,0.0,0.830899839032,0.0,0.0
0.0,0.0,0.0,0.0,0.0,-0.293261094186,0.0,0.0,0.0,0.0,0.0,0.0,0.0,0.0,-0.293261094186
0.0,0.0,0.0,0.0,0.0,0.0,0.0,0.0,0.0,0.0,0.0,-1.33693251684,0.0,0.0,-1.33693251684
0.0,0.0,0.0,0.0,-0.961312319818,0.0,0.0,0.0,0.0,-0.961312319818,0.0,0.0,0.0,0.0,0.0
-0.978418167809,0.0,0.0,0.0,0.0,0.0,-0.978418167809,0.0,0.0,0.0,0.0,0.0,0.0,0.0,0.0
0.0,0.0,0.0,0.0,0.0,-0.967681780198,0.0,0.0,0.0,0.0,-0.967681780198,0.0,0.0,0.0,0.0
0.0,0.0,0.0,0.0,0.0,0.0,0.525873181828,0.0,0.0,0.525873181828,0.0,0.0,0.0,0.0,0.0
0.0,0.0,-0.310728384837,0.0,0.0,0.0,0.0,0.0,0.0,-0.310728384837,0.0,0.0,0.0,0.0,0.0
0.0,0.0,0.0,0.0,0.0,1.32506783899,0.0,0.0,0.0,0.0,1.32506783899,0.0,0.0,0.0,0.0
0.0,0.0,0.0,0.0,0.0,0.0,0.891563109485,0.0,0.891563109485,0.0,0.0,0.0,0.0,0.0,0.0
0.0,0.0,0.0,-0.564663005867,0.0,0.0,0.0,0.0,0.0,0.0,0.0,0.0,0.0,0.0,-0.564663005867
0.0,0.0,0.0,-0.0266952345341,0.0,0.0,0.0,0.0,0.0,0.0,0.0,0.0,-0.0266952345341,0.0,0.0
0.0,0.0,0.0,0.0,0.0,0.0,0.0,0.0,0.0,-0.786145979608,0.0,0.0,-0.786145979608,0.0,0.0
0.0,0.0,0.0,0.0,0.0,0.0,0.0,-1.36556182072,0.0,0.0,0.0,0.0,0.0,0.0,-1.36556182072
0.0,0.0,0.0,-0.1175757324,0.0,0.0,0.0,-0.1175757324,0.0,0.0,0.0,0.0,0.0,0.0,0.0
0.0,0.0,0.0,0.0,0.0,0.0,0.0,0.0,0.0,0.0,0.605180219208,0.0,0.605180219208,0.0,0.0
0.0,0.0,0.0,0.0,0.0,-0.363483630779,0.0,0.0,0.0,0.0,-0.363483630779,0.0,0.0,0.0,0.0
0.0,0.0,0.0,0.0,0.0,0.0,0.0,0.0,0.289743791006,0.0,0.0,0.289743791006,0.0,0.0,0.0
0.0,0.0,0.0,0.456381149221,0.0,0.0,0.0,0.0,0.0,0.0,0.456381149221,0.0,0.0,0.0,0.0
0.0,0.0,0.0,0.0,-1.66387626469,0.0,-1.66387626469,0.0,0.0,0.0,0.0,0.0,0.0,0.0,0.0
0.0,0.0,0.0,0.0,0.0,0.0,0.0,0.0909847082192,0.0,0.0,0.0,0.0,0.0,0.0,0.0909847082192
0.0,0.0,0.0,0.0,0.0,0.0,-0.988307482613,-0.988307482613,0.0,0.0,0.0,0.0,0.0,0.0,0.0
0.0,-0.541153943006,0.0,0.0,0.0,0.0,0.0,0.0,0.0,0.0,0.0,0.0,0.0,0.0,-0.541153943006
0.0,0.0,0.0,0.817744485051,0.0,0.0,0.817744485051,0.0,0.0,0.0,0.0,0.0,0.0,0.0,0.0
0.0,0.0,0.0,0.0,0.609281489808,0.0,0.0,0.0,0.0,0.0,0.0,0.0,0.0,0.609281489808,0.0
0.0,0.0,0.0,0.0,0.0,0.31171935008,0.0,0.0,0.0,0.31171935008,0.0,0.0,0.0,0.0,0.0
0.0,0.941606951742,0.0,0.0,0.0,0.941606951742,0.0,0.0,0.0,0.0,0.0,0.0,0.0,0.0,0.0
-0.457216370271,0.0,0.0,0.0,0.0,0.0,0.0,0.0,0.0,0.0,0.0,0.0,0.0,0.0,-0.457216370271
0.0,0.0,0.0513003551342,0.0,0.0,0.0,0.0,0.0,0.0,0.0,0.0,0.0,0.0513003551342,0.0,0.0
0.0,0.0,0.0,0.0,0.0,0.0,0.0,0.0,0.0,-0.378441070622,-0.378441070622,0.0,0.0,0.0,0.0
0.0,0.0,0.0,0.0,0.0,0.0,0.0,0.0,1.67729019832,0.0,0.0,1.67729019832,0.0,0.0,0.0
0.0,0.0,0.0,0.0,-0.470003139546,0.0,-0.470003139546,0.0,0.0,0.0,0.0,0.0,0.0,0.0,0.0
0.0,0.0,0.0,-0.59993299291,0.0,-0.59993299291,0.0,0.0,0.0,0.0,0.0,0.0,0.0,0.0,0.0
0.0,0.0,0.0,0.0,0.0,0.0,0.0,0.0,0.0,0.0,0.0,-1.61355921898,0.0,0.0,-1.61355921898
0.0,0.0,0.0,0.0,0.0,0.0,0.394464550144,0.0,0.0,0.0,0.394464550144,0.0,0.0,0.0,0.0
0.0,0.0,0.0,0.0,0.0,0.0,0.0,0.0,0.0,-1.04284939294,0.0,0.0,0.0,-1.04284939294,0.0
0.0,0.0,0.0,0.0,0.0,0.0,1.89068691229,0.0,0.0,0.0,0.0,0.0,0.0,1.89068691229,0.0
0.0,0.0,0.0,0.0706107425029,0.0,0.0,0.0,0.0706107425029,0.0,0.0,0.0,0.0,0.0,0.0,0.0
0.0,0.0,0.0,0.0,0.0,-0.585777549726,0.0,0.0,0.0,0.0,-0.585777549726,0.0,0.0,0.0,0.0
0.0,0.0,-0.479725437934,0.0,0.0,0.0,0.0,0.0,0.0,0.0,-0.479725437934,0.0,0.0,0.0,0.0
0.0,0.0756560813964,0.0756560813964,0.0,0.0,0.0,0.0,0.0,0.0,0.0,0.0,0.0,0.0,0.0,0.0
